{
	"_meta": {
		"dependencies": {
			"monster": [
				"MM"
			]
		},
		"otherSources": {
			"monster": {
				"MM": "JttRC"
			}
		},
		"internalCopies": [
			"monster"
		]
	},
	"monster": [
		{
			"name": "Afsoun Ghorbani",
			"isNpc": true,
			"isNamedCreature": true,
			"source": "JttRC",
			"page": 162,
			"_copy": {
				"name": "Archmage",
				"source": "MM",
				"_trait": {
					"name": "High Elf",
					"source": "PHB"
				},
				"_mod": {
					"*": {
						"mode": "replaceTxt",
						"replace": "the archmage",
						"with": "Afsoun",
						"flags": "i"
					}
				}
			},
			"alignment": [
				"C",
				"G"
			],
			"traitTags": [
				"Fey Ancestry",
				"Magic Resistance"
			],
			"hasToken": true,
			"hasFluffImages": true
		},
		{
			"name": "Amanisha Manivarshi",
			"isNpc": true,
			"isNamedCreature": true,
			"source": "JttRC",
			"page": 127,
			"_copy": {
				"name": "Spy",
				"source": "MM",
				"_mod": {
					"*": {
						"mode": "replaceTxt",
						"replace": "the spy",
						"with": "Amanisha",
						"flags": "i"
					}
				}
			},
			"type": {
				"type": "humanoid",
				"tags": [
					"human"
				]
			},
			"alignment": [
				"N",
				"G"
			],
			"hasToken": true,
			"hasFluffImages": true
		},
		{
			"name": "Ameyali",
			"isNpc": true,
			"isNamedCreature": true,
			"source": "JttRC",
			"page": 108,
			"_copy": {
				"name": "Priest",
				"source": "MM",
				"_mod": {
					"*": {
						"mode": "replaceTxt",
						"replace": "the priest",
						"with": "Ameyali",
						"flags": "i"
					}
				}
			},
			"type": {
				"type": "humanoid",
				"tags": [
					"human"
				]
			},
			"alignment": [
				"N",
				"G"
			],
			"hasToken": true,
			"hasFluffImages": true
		},
		{
			"name": "Ashen Heir Anarchist",
			"source": "JttRC",
			"page": 158,
			"_copy": {
				"name": "Priest",
				"source": "MM",
				"_mod": {
					"*": {
						"mode": "replaceTxt",
						"replace": "spy",
						"with": "anarchist"
					}
				}
			},
			"hasToken": true,
			"hasFluffImages": true
		},
		{
			"name": "Ashen Heir Assassin",
			"source": "JttRC",
			"page": 158,
			"_copy": {
				"name": "Assassin",
				"source": "MM"
			},
			"hasToken": true
		},
		{
			"name": "Ashen Heir Mage",
			"source": "JttRC",
			"page": 158,
			"_copy": {
				"name": "Mage",
				"source": "MM"
			},
			"hasToken": true,
			"hasFluffImages": true
		},
		{
			"name": "Ashen Heir Veteran",
			"source": "JttRC",
			"page": 158,
			"_copy": {
				"name": "Veteran",
				"source": "MM"
			},
			"hasToken": true
		},
		{
			"name": "Atash",
			"isNpc": true,
			"isNamedCreature": true,
			"source": "JttRC",
			"page": 166,
			"_copy": {
				"name": "Solar",
				"source": "MM",
				"_mod": {
					"*": {
						"mode": "replaceTxt",
						"replace": "the solar",
						"with": "Atash",
						"flags": "i"
					}
				}
			},
			"alignment": [
				"L",
				"N"
			],
			"hasToken": true,
			"hasFluffImages": true
		},
		{
			"name": "Atiba-Pa",
			"isNpc": true,
			"isNamedCreature": true,
			"source": "JttRC",
			"page": 171,
			"_copy": {
				"name": "Priest",
				"source": "MM",
				"_mod": {
					"*": {
						"mode": "replaceTxt",
						"replace": "the spy",
						"with": "Atiba-Pa",
						"flags": "i"
					}
				}
			},
			"type": {
				"type": "humanoid",
				"tags": [
					"human"
				]
			},
			"alignment": [
				"L",
				"G"
			],
			"hasToken": true,
			"hasFluffImages": true
		},
		{
			"name": "Aunt Dellie",
			"isNpc": true,
			"isNamedCreature": true,
			"source": "JttRC",
			"page": 36,
			"_copy": {
				"name": "Commoner",
				"source": "MM",
				"_mod": {
					"*": {
						"mode": "replaceTxt",
						"replace": "the commoner",
						"with": "Aunt Dellie",
						"flags": "i"
					}
				}
			},
			"hasToken": true,
			"hasFluffImages": true
		},
		{
			"name": "Aurumvorax",
			"source": "JttRC",
			"page": 105,
			"size": [
				"S"
			],
			"type": "monstrosity",
			"alignment": [
				"U"
			],
			"ac": [
				{
					"ac": 15,
					"from": [
						"natural armor"
					]
				}
			],
			"hp": {
				"average": 36,
				"formula": "8d6 + 8"
			},
			"speed": {
				"walk": 30,
				"burrow": 20
			},
			"str": 14,
			"dex": 13,
			"con": 12,
			"int": 3,
			"wis": 12,
			"cha": 6,
			"save": {
				"str": "+4",
				"con": "+3"
			},
			"skill": {
				"perception": "+3",
				"stealth": "+3"
			},
			"senses": [
				"darkvision 60 ft."
			],
			"passive": 13,
			"conditionImmune": [
				"petrified"
			],
			"cr": "2",
			"trait": [
				{
					"name": "Tunneler",
					"entries": [
						"The aurumvorax can burrow through solid rock and metal at half its burrowing speed and leaves a 5-foot-diameter tunnel in its wake."
					]
				}
			],
			"action": [
				{
					"name": "Multiattack",
					"entries": [
						"The aurumvorax makes one Bite attack and two Claw attacks."
					]
				},
				{
					"name": "Bite",
					"entries": [
						"{@atk mw} {@hit 4} to hit, reach 5 ft., one target. {@h}6 ({@damage 1d8 + 2}) piercing damage. If the target is a creature wearing armor of any type, the aurumvorax regains 4 ({@dice 1d6 + 1}) hit points."
					]
				},
				{
					"name": "Claw",
					"entries": [
						"{@atk mw} {@hit 5} to hit, reach 5 ft., one target. {@h}5 ({@damage 1d6 + 2}) slashing damage. If the target is a Medium or smaller creature, it is {@condition grappled} (escape {@dc 12}). Until this grapple ends, the aurumvorax can't use its Claw attack on another target, and when it moves, it can drag the {@condition grappled} creature with it, without the aurumvorax's speed being halved."
					]
				}
			],
			"traitTags": [
				"Tunneler"
			],
			"senseTags": [
				"D"
			],
			"actionTags": [
				"Multiattack"
			],
			"damageTags": [
				"P",
				"S"
			],
			"miscTags": [
				"MW"
			],
			"conditionInflict": [
				"grappled"
			],
			"hasToken": true,
			"hasFluff": true
		},
		{
			"name": "Aurumvorax Den Leader",
			"source": "JttRC",
			"page": 105,
			"size": [
				"M"
			],
			"type": "monstrosity",
			"alignment": [
				"U"
			],
			"ac": [
				{
					"ac": 16,
					"from": [
						"natural armor"
					]
				}
			],
			"hp": {
				"average": 52,
				"formula": "8d8 + 16"
			},
			"speed": {
				"walk": 40,
				"burrow": 20
			},
			"str": 18,
			"dex": 14,
			"con": 14,
			"int": 3,
			"wis": 13,
			"cha": 8,
			"save": {
				"str": "+6",
				"con": "+4"
			},
			"skill": {
				"perception": "+3",
				"stealth": "+4"
			},
			"senses": [
				"darkvision 60 ft."
			],
			"passive": 13,
			"conditionImmune": [
				"petrified"
			],
			"cr": "4",
			"trait": [
				{
					"name": "Pack Leader",
					"entries": [
						"The aurumvorax's allies have advantage on attack rolls while within 10 feet of the aurumvorax, provided it isn't {@condition incapacitated}."
					]
				},
				{
					"name": "Tunneler",
					"entries": [
						"The aurumvorax can burrow through solid rock and metal at half its burrowing speed and leaves a 5-foot-diameter tunnel in its wake."
					]
				}
			],
			"action": [
				{
					"name": "Multiattack",
					"entries": [
						"The aurumvorax makes one Bite attack and two Claw attacks."
					]
				},
				{
					"name": "Bite",
					"entries": [
						"{@atk mw} {@hit 6} to hit, reach 5 ft., one target. {@h}13 ({@damage 2d8 + 4}) piercing damage. If the target is a creature wearing armor of any type, the aurumvorax gains one of the following benefits of its choice:"
					]
				},
				{
					"name": "Frenzy",
					"entries": [
						"The aurumvorax has advantage on attack rolls until start of its next turn."
					]
				},
				{
					"name": "Invigorate",
					"entries": [
						"The aurumvorax regains 6 ({@dice 1d8 + 2}) hit points."
					]
				},
				{
					"name": "Claw",
					"entries": [
						"{@atk mw} {@hit 6} to hit, reach 5 ft., one target. {@h}11 ({@damage 2d6 + 4}) slashing damage. If the target is a Large or smaller creature, it is {@condition grappled} (escape {@dc 14}). Until this grapple ends, the aurumvorax can't use its Claw attack on another target, and when it moves, it can drag the {@condition grappled} creature with it, without the aurumvorax's speed being halved."
					]
				}
			],
			"traitTags": [
				"Tunneler"
			],
			"senseTags": [
				"D"
			],
			"actionTags": [
				"Multiattack"
			],
			"damageTags": [
				"P",
				"S"
			],
			"miscTags": [
				"MW"
			],
			"conditionInflict": [
				"grappled"
			],
			"hasToken": true,
			"hasFluff": true,
			"hasFluffImages": true
		},
		{
			"name": "Awa",
			"isNpc": true,
			"isNamedCreature": true,
			"source": "JttRC",
			"page": 95,
			"_copy": {
				"name": "Commoner",
				"source": "MM",
				"_mod": {
					"*": {
						"mode": "replaceTxt",
						"replace": "the commoner",
						"with": "Awa",
						"flags": "i"
					}
				}
			},
			"hasToken": true,
			"hasFluffImages": true
		},
		{
			"name": "Azra Nir",
			"isNpc": true,
			"isNamedCreature": true,
			"source": "JttRC",
			"page": 74,
			"_copy": {
				"name": "Acolyte",
				"source": "MM",
				"_mod": {
					"*": {
						"mode": "replaceTxt",
						"replace": "the acolyte",
						"with": "Azra",
						"flags": "i"
					}
				}
			},
			"hasToken": true,
			"hasFluffImages": true
		},
		{
			"name": "Bakunawa",
			"source": "JttRC",
			"page": 147,
			"size": [
				"G"
			],
			"type": "dragon",
			"alignment": [
				"N"
			],
			"alignmentPrefix": "typically ",
			"ac": [
				{
					"ac": 15,
					"from": [
						"natural armor"
					]
				}
			],
			"hp": {
				"average": 150,
				"formula": "12d20 + 24"
			},
			"speed": {
				"walk": 20,
				"fly": 60,
				"swim": 60
			},
			"str": 21,
			"dex": 12,
			"con": 15,
			"int": 14,
			"wis": 17,
			"cha": 16,
			"save": {
				"dex": "+5",
				"con": "+6",
				"wis": "+7"
			},
			"senses": [
				"blindsight 60 ft.",
				"darkvision 120 ft."
			],
			"passive": 21,
			"resist": [
				"lightning",
				"thunder"
			],
			"languages": [
				"Celestial",
				"Common",
				"Draconic"
			],
			"cr": "12",
			"trait": [
				{
					"name": "Amphibious",
					"entries": [
						"The bakunawa can breathe air and water."
					]
				},
				{
					"name": "Legendary Resistance (3/Day)",
					"entries": [
						"If the bakunawa fails a saving throw, it can choose to succeed instead."
					]
				}
			],
			"action": [
				{
					"name": "Multiattack",
					"entries": [
						"The bakunawa makes one Bite attack and one Storm Slam attack."
					]
				},
				{
					"name": "Bite",
					"entries": [
						"{@atk mw} {@hit 9} to hit, reach 10 ft., one target. {@h}12 ({@damage 2d6 + 5}) piercing damage plus 7 ({@damage 2d6}) lightning damage. If the target is a Large or smaller creature, it must succeed on a {@dc 17} Strength saving throw or be swallowed by the bakunawa. A swallowed creature is {@condition blinded} and {@condition restrained}, and it has total cover against attacks and other effects outside the bakunawa. At the start of each of the bakunawa's turns, each swallowed creature takes 10 ({@damage 3d6}) lightning damage.",
						"The bakunawa's gullet can hold up to two creatures at a time. If the bakunawa takes 30 damage or more on a single turn from a swallowed creature, the bakunawa must succeed on a {@dc 16} Constitution saving throw at the end of that turn or regurgitate all swallowed creatures, which fall {@condition prone} in a space within 15 feet of the bakunawa. If the bakunawa dies, a swallowed creature is no longer {@condition restrained} by it and can escape from the corpse by using 15 feet of movement, exiting {@condition prone}."
					]
				},
				{
					"name": "Storm Slam",
					"entries": [
						"{@atk mw} {@hit 9} to hit, reach 10 ft., one target. {@h}9 ({@damage 1d8 + 5}) bludgeoning damage plus 5 ({@damage 1d10}) thunder damage, and the target is pushed up to 10 feet in a horizontal direction away from the bakunawa."
					]
				}
			],
			"legendary": [
				{
					"name": "Nimble Glide",
					"entries": [
						"The bakunawa flies or swims up to half its speed. This movement doesn't provoke opportunity attacks."
					]
				},
				{
					"name": "Slam",
					"entries": [
						"The bakunawa makes one Storm Slam attack."
					]
				},
				{
					"name": "Lightning Strikes (Costs 3 Actions)",
					"entries": [
						"The bakunawa arcs lightning at up to two creatures it can see within 60 feet of itself. Each target must succeed on a {@dc 15} Dexterity saving throw or take 22 ({@damage 4d10}) lightning damage."
					]
				}
			],
			"traitTags": [
				"Amphibious",
				"Legendary Resistances"
			],
			"senseTags": [
				"B",
				"SD"
			],
			"actionTags": [
				"Multiattack",
				"Swallow"
			],
			"languageTags": [
				"C",
				"CE",
				"DR"
			],
			"damageTags": [
				"B",
				"L",
				"P",
				"T"
			],
			"miscTags": [
				"MW",
				"RCH"
			],
			"conditionInflict": [
				"blinded",
				"restrained"
			],
			"hasToken": true,
			"hasFluff": true,
			"hasFluffImages": true
		},
		{
			"name": "Brother Broumane",
			"isNpc": true,
			"isNamedCreature": true,
			"source": "JttRC",
			"page": 178,
			"_copy": {
				"name": "Nightsea chil-liren",
				"source": "JttRC",
				"_mod": {
					"*": {
						"mode": "replaceTxt",
						"replace": "Nightsea chil-liren",
						"with": "Brother Broumane",
						"flags": "i"
					}
				}
			},
			"alignment": [
				"C",
				"N"
			],
			"hasToken": true,
			"hasFluffImages": true
		},
		{
			"name": "Dinosaur Skeleton",
			"source": "JttRC",
			"page": 57,
			"_copy": {
				"name": "Allosaurus",
				"source": "MM",
				"_mod": {
					"*": {
						"mode": "replaceTxt",
						"replace": "allosaurus",
						"with": "skeleton"
					}
				}
			},
			"type": "undead",
			"senses": [
				"darkvision 60 ft."
			],
			"immune": [
				"poison"
			],
			"vulnerable": [
				"bludgeoning"
			],
			"conditionImmune": [
				"exhaustion",
				"poisoned"
			],
			"hasToken": true,
			"hasFluff": true
		},
		{
			"name": "Diva",
			"source": "JttRC",
			"page": 72,
			"_copy": {
				"name": "Scout",
				"source": "MM",
				"_mod": {
					"*": {
						"mode": "replaceTxt",
						"replace": "scout",
						"with": "diva"
					}
				}
			},
			"action": [
				{
					"name": "Multiattack",
					"entries": [
						"The scout makes two melee attacks."
					]
				},
				{
					"name": "Broken Bottle",
					"entries": [
						"{@atk mw} {@hit 4} to hit, reach 5 ft., one target. {@h}5 ({@damage 1d6 + 2}) piercing damage."
					]
				}
			],
			"hasToken": true,
			"hasFluffImages": true
		},
		{
			"name": "Diva Luma",
			"isNpc": true,
			"isNamedCreature": true,
			"source": "JttRC",
			"page": 71,
			"_copy": {
				"name": "Assassin",
				"source": "MM",
				"_mod": {
					"*": {
						"mode": "replaceTxt",
						"replace": "the assassin",
						"with": "Diva Luma",
						"flags": "i"
					}
				}
			},
			"action": [
				{
					"name": "Multiattack",
					"entries": [
						"Diva Luma makes two high-heeled shoe attacks."
					]
				},
				{
					"name": "High-Heeled Shoe",
					"entries": [
						"{@atk mw} {@hit 6} to hit, reach 5 ft., one target. {@h}6 ({@damage 1d6 + 3}) piercing damage."
					]
				}
			],
			"hasToken": true,
			"hasFluffImages": true
		},
		{
			"name": "Djeneba",
			"isNpc": true,
			"isNamedCreature": true,
			"source": "JttRC",
			"page": 173,
			"_copy": {
				"name": "Mage",
				"source": "MM",
				"_mod": {
					"*": {
						"mode": "replaceTxt",
						"replace": "the mage",
						"with": "Djeneba",
						"flags": "i"
					}
				}
			},
			"type": {
				"type": "humanoid",
				"tags": [
					"human"
				]
			},
			"alignment": [
				"C",
				"N"
			],
			"hasToken": true,
			"hasFluffImages": true
		},
		{
			"name": "Dragon Hunter",
			"source": "JttRC",
			"page": 138,
			"_copy": {
				"name": "Veteran",
				"source": "MM",
				"_mod": {
					"*": {
						"mode": "replaceTxt",
						"replace": "veteran",
						"with": "dragon hunter"
					},
					"action": {
						"mode": "replaceArr",
						"replace": "Heavy Crossbow",
						"items": {
							"name": "Longbow",
							"entries": [
								"{@atk rw} {@hit 3} to hit, ranged 150/600 ft., one target. {@h}5 ({@damage 1d8 + 1}) piercing damage."
							]
						}
					}
				}
			},
			"ac": [
				{
					"ac": 13,
					"from": [
						"{@item studded leather armor|PHB|studded leather}"
					]
				}
			],
			"hasToken": true,
			"hasFluff": true,
			"hasFluffImages": true
		},
		{
			"name": "Dukha Bhatiyali",
			"isNpc": true,
			"isNamedCreature": true,
			"source": "JttRC",
			"page": 124,
			"_copy": {
				"name": "Weretiger",
				"source": "MM",
				"_mod": {
					"*": {
						"mode": "replaceTxt",
						"replace": "the weretiger",
						"with": "Dukha",
						"flags": "i"
					}
				}
			},
			"alignment": [
				"N"
			],
			"hasToken": true,
			"hasFluffImages": true
		},
		{
			"name": "Farmer",
			"isNpc": true,
			"source": "JttRC",
			"page": 36,
			"_copy": {
				"name": "Cultist",
				"source": "MM",
				"_mod": {
					"*": {
						"mode": "replaceTxt",
						"replace": "cultist",
						"with": "farmer"
					}
				}
			},
			"hasToken": true,
			"hasFluffImages": true
		},
		{
			"name": "Gammon Xungoon",
			"isNpc": true,
			"isNamedCreature": true,
			"source": "JttRC",
			"page": 20,
			"_copy": {
				"name": "Commoner",
				"source": "MM",
				"_trait": {
					"name": "Kobold",
					"source": "DMG"
				},
				"_mod": {
					"*": {
						"mode": "replaceTxt",
						"replace": "the commoner",
						"with": "Gammon",
						"flags": "i"
					}
				}
			},
			"alignment": [
				"C",
				"G"
			],
			"traitTags": [
				"Pack Tactics",
				"Sunlight Sensitivity"
			],
			"hasToken": true,
			"hasFluffImages": true
		},
		{
			"name": "Haint",
			"source": "JttRC",
			"page": 185,
			"size": [
				"M"
			],
			"type": "undead",
			"alignment": [
				"N"
			],
			"alignmentPrefix": "typically ",
			"ac": [
				12
			],
			"hp": {
				"average": 75,
				"formula": "10d8 + 30"
			},
			"speed": {
				"walk": 30,
				"fly": {
					"number": 30,
					"condition": "(hover)"
				},
				"canHover": true
			},
			"str": 7,
			"dex": 15,
			"con": 17,
			"int": 10,
			"wis": 13,
			"cha": 17,
			"skill": {
				"deception": "+6",
				"stealth": "+8"
			},
			"senses": [
				"darkvision 60 ft."
			],
			"passive": 11,
			"resist": [
				"acid",
				"fire",
				"thunder",
				{
					"resist": [
						"bludgeoning",
						"piercing",
						"slashing"
					],
					"note": "from nonmagical attacks",
					"cond": true
				}
			],
			"immune": [
				"cold",
				"necrotic",
				"poison"
			],
			"conditionImmune": [
				"charmed",
				"exhaustion",
				"frightened",
				"grappled",
				"paralyzed",
				"petrified",
				"poisoned",
				"prone",
				"restrained"
			],
			"languages": [
				"any languages it knew in life"
			],
			"cr": "7",
			"trait": [
				{
					"name": "Incorporeal Movement",
					"entries": [
						"The haint can move through other creatures and objects as if they were difficult terrain. It takes 5 ({@damage 1d10}) force damage if it ends its turn inside an object."
					]
				},
				{
					"name": "Unusual Nature",
					"entries": [
						"The haint doesn't require air, food, drink, or sleep."
					]
				}
			],
			"action": [
				{
					"name": "Multiattack",
					"entries": [
						"The haint makes two Sorrowful Touch attacks."
					]
				},
				{
					"name": "Sorrowful Touch",
					"entries": [
						"{@atk ms} {@hit 6} to hit, reach 5 ft., one creature. {@h}21 ({@damage 4d8 + 3}) psychic damage."
					]
				},
				{
					"name": "Change Shape",
					"entries": [
						"The haint magically assumes the appearance of the Humanoid it was in life, while retaining its game statistics. The assumed appearance ends if the haint is reduced to 0 hit points or uses an action to end it."
					]
				}
			],
			"bonus": [
				{
					"name": "Shared Sorrow",
					"entries": [
						"The haint targets one creature it can see within 60 feet of itself that is missing any hit points, sharing its own torment with this pained soul. The target must succeed on a {@dc 14} Wisdom saving throw or be {@condition incapacitated}.",
						"A creature can repeat the saving throw at the end of each of its turns, ending the effect on itself on a success. If a creature's saving throw is successful or the effect ends for it, the creature is immune to the haint's Shared Sorrow for the next 24 hours."
					]
				}
			],
			"traitTags": [
				"Incorporeal Movement",
				"Unusual Nature"
			],
			"senseTags": [
				"D"
			],
			"actionTags": [
				"Multiattack",
				"Shapechanger"
			],
			"languageTags": [
				"LF"
			],
			"damageTags": [
				"O",
				"Y"
			],
			"conditionInflict": [
				"incapacitated"
			],
			"hasToken": true,
			"hasFluff": true,
			"hasFluffImages": true
		},
		{
			"name": "Jade Statue",
			"isNpc": true,
			"isNamedCreature": true,
			"source": "JttRC",
			"page": 195,
			"_copy": {
				"name": "Stone Golem",
				"source": "MM",
				"_mod": {
					"*": {
						"mode": "replaceTxt",
						"replace": "golem",
						"with": "statue"
					}
				}
			},
			"hasToken": true,
			"hasFluffImages": true
		},
		{
			"name": "Jijibisha Manivarshi",
			"isNpc": true,
			"isNamedCreature": true,
			"source": "JttRC",
			"page": 128,
			"_copy": {
				"name": "Ultroloth",
				"source": "MM",
				"_mod": {
					"*": {
						"mode": "replaceTxt",
						"replace": "the ultroloth",
						"with": "Jijibisha",
						"flags": "i"
					},
					"_": {
						"mode": "removeSpells",
						"daily": {
							"3e": [
								"{@spell dimension door}",
								"{@spell fear}"
							],
							"1e": [
								"{@spell fire storm}",
								"{@spell mass suggestion}"
							]
						}
					}
				}
			},
			"hasToken": true,
			"hasFluff": true
		},
		{
			"name": "Kala Mabarin",
			"isNpc": true,
			"isNamedCreature": true,
			"source": "JttRC",
			"page": 70,
			"_copy": {
				"name": "Druid",
				"source": "MM",
				"_mod": {
					"*": {
						"mode": "replaceTxt",
						"replace": "the druid",
						"with": "Kala",
						"flags": "i"
					}
				}
			},
			"type": {
				"type": "humanoid",
				"tags": [
					"human"
				]
			},
			"alignment": [
				"N",
				"E"
			],
			"hasToken": true,
			"hasFluffImages": true
		},
		{
			"name": "Kasem Aroon",
			"isNpc": true,
			"isNamedCreature": true,
			"source": "JttRC",
			"page": 21,
			"_copy": {
				"name": "Noble",
				"source": "MM",
				"_mod": {
					"*": {
						"mode": "replaceTxt",
						"replace": "the noble",
						"with": "Kasem",
						"flags": "i"
					}
				}
			},
			"type": {
				"type": "humanoid",
				"tags": [
					"human"
				]
			},
			"alignment": [
				"C",
				"N"
			],
			"hasToken": true,
			"hasFluffImages": true
		},
		{
			"name": "Kedjou Kamal",
			"isNpc": true,
			"isNamedCreature": true,
			"source": "JttRC",
			"page": 96,
			"_copy": {
				"name": "Priest",
				"source": "MM",
				"_mod": {
					"*": {
						"mode": "replaceTxt",
						"replace": "the priest",
						"with": "Kedjou",
						"flags": "i"
					}
				}
			},
			"type": {
				"type": "humanoid",
				"tags": [
					"human"
				]
			},
			"alignment": [
				"N",
				"E"
			],
			"hasToken": true,
			"hasFluffImages": true
		},
		{
			"name": "Kianna",
			"isNpc": true,
			"isNamedCreature": true,
			"source": "JttRC",
			"page": 42,
			"_copy": {
				"name": "Commoner",
				"source": "MM",
				"_mod": {
					"*": {
						"mode": "replaceTxt",
						"replace": "the commoner",
						"with": "Kianna",
						"flags": "i"
					}
				}
			},
			"type": {
				"type": "humanoid",
				"tags": [
					"human"
				]
			},
			"alignment": [
				"C",
				"N"
			],
			"hasToken": true,
			"hasFluffImages": true
		},
		{
			"name": "Koi Prawn",
			"source": "JttRC",
			"page": 26,
			"_copy": {
				"name": "Giant Sea Horse",
				"source": "MM",
				"_mod": {
					"*": {
						"mode": "replaceTxt",
						"replace": "sea horse",
						"with": "prawn"
					}
				}
			},
			"hasToken": true,
			"hasFluffImages": true
		},
		{
			"name": "Kun Ahn-Jun",
			"isNpc": true,
			"isNamedCreature": true,
			"source": "JttRC",
			"page": 81,
			"_copy": {
				"name": "Noble",
				"source": "MM",
				"_mod": {
					"*": {
						"mode": "replaceTxt",
						"replace": "the noble",
						"with": "Kun Ahn-Jun",
						"flags": "i"
					}
				}
			},
			"type": {
				"type": "humanoid",
				"tags": [
					"human"
				]
			},
			"alignment": [
				"N",
				"G"
			],
			"hasToken": true,
			"hasFluffImages": true
		},
		{
			"name": "Kusa Xungoon",
			"isNpc": true,
			"isNamedCreature": true,
			"source": "JttRC",
			"page": 20,
			"_copy": {
				"name": "Noble",
				"source": "MM",
				"_trait": {
					"name": "Kobold",
					"source": "DMG"
				},
				"_mod": {
					"*": {
						"mode": "replaceTxt",
						"replace": "the noble",
						"with": "Kusa",
						"flags": "i"
					}
				}
			},
			"alignment": [
				"L",
				"G"
			],
			"traitTags": [
				"Pack Tactics",
				"Sunlight Sensitivity"
			],
			"hasToken": true,
			"hasFluffImages": true
		},
		{
			"name": "Lady Dre",
			"isNpc": true,
			"isNamedCreature": true,
			"source": "JttRC",
			"page": 37,
			"_copy": {
				"name": "Scout",
				"source": "MM",
				"_mod": {
					"*": {
						"mode": "replaceTxt",
						"replace": "the scout",
						"with": "Lady Dre",
						"flags": "i"
					}
				}
			},
			"type": {
				"type": "humanoid",
				"tags": [
					"human"
				]
			},
			"alignment": [
				"C",
				"G"
			],
			"hasToken": true,
			"hasFluffImages": true
		},
		{
			"name": "Laleh Ghorbani",
			"isNpc": true,
			"isNamedCreature": true,
			"source": "JttRC",
			"page": 156,
			"_copy": {
				"name": "Scout",
				"source": "MM",
				"_trait": {
					"name": "High Elf",
					"source": "PHB"
				},
				"_mod": {
					"*": {
						"mode": "replaceTxt",
						"replace": "the scout",
						"with": "Laleh",
						"flags": "i"
					}
				}
			},
			"alignment": [
				"N",
				"G"
			],
			"traitTags": [
				"Fey Ancestry",
				"Keen Senses"
			],
			"hasToken": true,
			"hasFluffImages": true
		},
		{
			"name": "Lamai Tyenmo",
			"isNpc": true,
			"isNamedCreature": true,
			"source": "JttRC",
			"page": 20,
			"_copy": {
				"name": "Commoner",
				"source": "MM",
				"_trait": {
					"name": "Rock Gnome",
					"source": "PHB"
				},
				"_mod": {
					"*": {
						"mode": "replaceTxt",
						"replace": "the commoner",
						"with": "Lamai",
						"flags": "i"
					}
				}
			},
			"alignment": [
				"L",
				"G"
			],
			"hasToken": true,
			"hasFluffImages": true
		},
		{
			"name": "Lu Zhong Yin",
			"isNpc": true,
			"isNamedCreature": true,
			"source": "JttRC",
			"page": 189,
			"_copy": {
				"name": "Spy",
				"source": "MM",
				"_mod": {
					"*": {
						"mode": "replaceTxt",
						"replace": "the spy",
						"with": "Lu Zhong",
						"flags": "i"
					}
				}
			},
			"type": {
				"type": "humanoid",
				"tags": [
					"human"
				]
			},
			"alignment": [
				"L",
				"N"
			],
			"hasToken": true,
			"hasFluffImages": true
		},
		{
			"name": "Lungtian",
			"isNpc": true,
			"isNamedCreature": true,
			"source": "JttRC",
			"page": 136,
			"_copy": {
				"name": "Dryad",
				"source": "MM",
				"_mod": {
					"*": {
						"mode": "replaceTxt",
						"replace": "the dryad",
						"with": "Lungtian",
						"flags": "i"
					}
				}
			},
			"alignment": [
				"C",
				"G"
			],
			"hasToken": true,
			"hasFluffImages": true
		},
		{
			"name": "Madam Kulp",
			"isNpc": true,
			"isNamedCreature": true,
			"source": "JttRC",
			"page": 27,
			"_copy": {
				"name": "Noble",
				"source": "MM",
				"_trait": {
					"name": "Rock Gnome",
					"source": "PHB"
				},
				"_mod": {
					"*": {
						"mode": "replaceTxt",
						"replace": "the noble",
						"with": "Madam Kulp",
						"flags": "i"
					}
				}
			},
			"alignment": [
				"N"
			],
			"hasToken": true,
			"hasFluffImages": true
		},
		{
			"name": "Myx Nargis Ruba",
			"isNpc": true,
			"isNamedCreature": true,
			"source": "JttRC",
			"page": 71,
			"_copy": {
				"name": "Noble",
				"source": "MM",
				"_trait": {
					"name": "Orc",
					"source": "DMG"
				},
				"_mod": {
					"*": {
						"mode": "replaceTxt",
						"replace": "the noble",
						"with": "Nargis",
						"flags": "i"
					}
				}
			},
			"alignment": [
				"N",
				"E"
			],
			"traitTags": [
				"Aggressive"
			],
			"hasToken": true,
			"hasFluffImages": true
		},
		{
			"name": "Navid",
			"isNpc": true,
			"isNamedCreature": true,
			"source": "JttRC",
			"page": 159,
			"_copy": {
				"name": "Efreeti",
				"source": "MM",
				"_mod": {
					"*": {
						"mode": "replaceTxt",
						"replace": "the efreeti",
						"with": "Navid",
						"flags": "i"
					},
					"_": {
						"mode": "addSpells",
						"will": [
							"{@spell polymorph} (self only)"
						]
					}
				}
			},
			"hasToken": true,
			"hasFluffImages": true
		},
		{
			"name": "Nene",
			"isNpc": true,
			"isNamedCreature": true,
			"source": "JttRC",
			"page": 205,
			"_copy": {
				"name": "Hawk",
				"source": "MM",
				"_mod": {
					"*": {
						"mode": "replaceTxt",
						"replace": "the hawk",
						"with": "Nene",
						"flags": "i"
					}
				}
			},
			"type": "fey",
			"int": 7,
			"languages": [
				"Understands simple phrases and concepts in Common"
			],
			"hasToken": true,
			"hasFluffImages": true
		},
		{
			"name": "Nightsea chil-liren",
			"source": "JttRC",
			"page": 177,
			"_copy": {
				"name": "Merfolk",
				"source": "MM",
				"_mod": {
					"*": {
						"mode": "replaceTxt",
						"replace": "merfolk",
						"with": "nightsea chil-liren"
					},
					"trait": {
						"mode": "replaceArr",
						"replace": "Amphibious",
						"items": {
							"name": "Water Breathing",
							"entries": [
								"Nightsea chil-liren can breathe only underwater."
							]
						}
					}
				}
			},
			"senses": [
				"darkvision 60 ft."
			],
			"traitTags": [
				"Water Breathing"
			],
			"hasToken": true,
			"hasFluff": true
		},
		{
			"name": "Nimuel",
			"isNpc": true,
			"isNamedCreature": true,
			"source": "JttRC",
			"page": 136,
			"_copy": {
				"name": "Mage",
				"source": "MM",
				"_mod": {
					"*": {
						"mode": "replaceTxt",
						"replace": "the mage",
						"with": "Nimuel",
						"flags": "i"
					}
				}
			},
			"type": {
				"type": "humanoid",
				"tags": [
					"human"
				]
			},
			"alignment": [
				"N",
				"G"
			],
			"hasToken": true,
			"hasFluffImages": true
		},
		{
			"name": "Ollin",
			"isNpc": true,
			"isNamedCreature": true,
			"source": "JttRC",
			"page": 109,
			"_copy": {
				"name": "Priest",
				"source": "MM",
				"_trait": {
					"name": "Tiefling",
					"source": "PHB"
				},
				"_mod": {
					"*": {
						"mode": "replaceTxt",
						"replace": "the priest",
						"with": "Ollin",
						"flags": "i"
					}
				}
			},
			"alignment": [
				"C",
				"G"
			],
			"skill": {
				"medicine": "+7",
				"performance": "+3",
				"religion": "+5"
			},
			"languages": [
				"Common",
				"Ignan",
				"Tletlahtolli"
			],
			"spellcastingTags": [
				"CC",
				"I"
			],
			"hasToken": true,
			"hasFluffImages": true
		},
		{
			"name": "Paloma",
			"isNpc": true,
			"isNamedCreature": true,
			"source": "JttRC",
			"page": 52,
			"_copy": {
				"name": "Assassin",
				"source": "MM",
				"_trait": {
					"name": "Rock Gnome",
					"source": "PHB"
				},
				"_mod": {
					"*": {
						"mode": "replaceTxt",
						"replace": "the assassin",
						"with": "Paloma",
						"flags": "i"
					}
				}
			},
			"alignment": [
				"C",
				"G"
			],
			"hasToken": true,
			"hasFluffImages": true
		},
		{
			"name": "Paolo Maykapal",
			"isNpc": true,
			"isNamedCreature": true,
			"source": "JttRC",
			"page": 138,
			"_copy": {
				"name": "Dragon Hunter",
				"source": "JttRC",
				"_mod": {
					"*": {
						"mode": "replaceTxt",
						"replace": "the dragon hunter",
						"with": "Paolo",
						"flags": "i"
					}
				}
			},
			"hasToken": true,
			"hasFluffImages": true
		},
		{
			"name": "Pari",
			"source": "JttRC",
			"page": 167,
			"size": [
				"M"
			],
			"type": "celestial",
			"alignment": [
				"L",
				"G"
			],
			"alignmentPrefix": "typically ",
			"ac": [
				{
					"ac": 16,
					"from": [
						"{@item breastplate|PHB}"
					]
				}
			],
			"hp": {
				"average": 180,
				"formula": "19d8 + 95"
			},
			"speed": {
				"walk": 30,
				"fly": 90
			},
			"str": 20,
			"dex": 20,
			"con": 20,
			"int": 20,
			"wis": 22,
			"cha": 22,
			"save": {
				"con": "+10",
				"wis": "+11",
				"cha": "+11"
			},
			"skill": {
				"insight": "+16",
				"perception": "+11"
			},
			"senses": [
				"truesight 120 ft."
			],
			"passive": 21,
			"resist": [
				"fire",
				"radiant",
				{
					"resist": [
						"bludgeoning",
						"piercing",
						"slashing"
					],
					"note": "from nonmagical attacks",
					"cond": true
				}
			],
			"conditionImmune": [
				"charmed",
				"exhaustion",
				"frightened"
			],
			"languages": [
				"all",
				"telepathy 120 ft."
			],
			"cr": "13",
			"spellcasting": [
				{
					"name": "Spellcasting",
					"headerEntries": [
						"The pari casts one of the following spells, requiring no material components and using Charisma as the spellcasting ability (spell save {@dc 19}):"
					],
					"will": [
						"{@spell detect evil and good}"
					],
					"daily": {
						"2e": [
							"{@spell cure wounds} (as a 6th-level spell)",
							"{@spell lesser restoration}"
						],
						"1e": [
							"{@spell commune} (as an action)",
							"{@spell dispel evil and good}"
						]
					},
					"ability": "cha",
					"displayAs": "action"
				}
			],
			"trait": [
				{
					"name": "Magic Resistance",
					"entries": [
						"The pari has advantage on saving throws against spells and other magical effects."
					]
				},
				{
					"name": "Unusual Nature",
					"entries": [
						"The pari doesn't require food, drink, or sleep."
					]
				}
			],
			"action": [
				{
					"name": "Multiattack",
					"entries": [
						"The pari makes three Mace attacks."
					]
				},
				{
					"name": "Mace",
					"entries": [
						"{@atk mw} {@hit 10} to hit, reach 5 ft., one target. {@h}8 ({@damage 1d6 + 5}) bludgeoning damage plus 14 ({@damage 4d6}) radiant damage."
					]
				},
				{
					"name": "Disorienting Futures",
					"entries": [
						"The pari attempts to flood the mind of one creature it can see within 60 feet of itself with visions of the future. The target must succeed on a {@dc 19} Wisdom saving throw or take 27 ({@damage 5d10}) psychic damage and have disadvantage on attack rolls until the start of the pari's next turn."
					]
				}
			],
			"traitTags": [
				"Magic Resistance",
				"Unusual Nature"
			],
			"senseTags": [
				"U"
			],
			"actionTags": [
				"Multiattack"
			],
			"languageTags": [
				"TP",
				"XX"
			],
			"damageTags": [
				"B",
				"R",
				"Y"
			],
			"spellcastingTags": [
				"O"
			],
			"miscTags": [
				"MW"
			],
			"hasToken": true,
			"hasFluff": true,
			"hasFluffImages": true
		},
		{
			"name": "Prince Kirina",
			"isNpc": true,
			"isNamedCreature": true,
			"source": "JttRC",
			"page": 94,
			"_copy": {
				"name": "Veteran",
				"source": "MM",
				"_mod": {
					"*": {
						"mode": "replaceTxt",
						"replace": "the veteran",
						"with": "Kirina",
						"flags": "i"
					},
					"trait": {
						"mode": "appendArr",
						"items": {
							"name": "Royal Blood",
							"entries": [
								"If Kirina is reduced to half of his hit points or fewer, he uses the {@action Dodge} action to avoid taking further damage."
							]
						}
					},
					"action": {
						"mode": "removeArr",
						"names": [
							"Shortsword",
							"Heavy Crossbow"
						]
					}
				}
			},
			"ac": [
				11
			],
			"hasToken": true,
			"hasFluffImages": true
		},
		{
			"name": "Prince Simbon",
			"isNpc": true,
			"isNamedCreature": true,
			"source": "JttRC",
			"page": 94,
			"_copy": {
				"name": "Veteran",
				"source": "MM",
				"_mod": {
					"*": {
						"mode": "replaceTxt",
						"replace": "the veteran",
						"with": "Simbon",
						"flags": "i"
					},
					"trait": {
						"mode": "appendArr",
						"items": {
							"name": "Royal Blood",
							"entries": [
								"If Simbon is reduced to half of his hit points or fewer, he uses the {@action Dodge} action to avoid taking further damage."
							]
						}
					},
					"action": {
						"mode": "removeArr",
						"names": [
							"Shortsword",
							"Heavy Crossbow"
						]
					}
				}
			},
			"ac": [
				11
			],
			"hasToken": true,
			"hasFluffImages": true
		},
		{
			"name": "Riverine",
			"source": "JttRC",
			"page": 133,
			"size": [
				"L"
			],
			"type": "fey",
			"alignment": [
				"A"
			],
			"ac": [
				14
			],
			"hp": {
				"average": 204,
				"formula": "24d10 + 72"
			},
			"speed": {
				"walk": 30,
				"swim": 60
			},
			"str": 20,
			"dex": 19,
			"con": 17,
			"int": 12,
			"wis": 16,
			"cha": 21,
			"save": {
				"int": "+5",
				"wis": "+7",
				"cha": "+9"
			},
			"skill": {
				"insight": "+7",
				"nature": "+5",
				"perception": "+7"
			},
			"senses": [
				"blindsight 60 ft."
			],
			"passive": 17,
			"resist": [
				"acid",
				"fire"
			],
			"languages": [
				"Aquan",
				"Common",
				"Sylvan"
			],
			"cr": "12",
			"spellcasting": [
				{
					"name": "Spellcasting",
					"headerEntries": [
						"The riverine casts one of the following spells, requiring no material components and using Charisma as the spellcasting ability (spell save {@dc 17}):"
					],
					"will": [
						"{@spell control water}",
						"{@spell fog cloud}"
					],
					"daily": {
						"1": [
							"{@spell greater restoration}"
						]
					},
					"ability": "cha",
					"displayAs": "action"
				}
			],
			"trait": [
				{
					"name": "Amphibious",
					"entries": [
						"The riverine can breathe air and water."
					]
				},
				{
					"name": "Legendary Resistance (3/Day)",
					"entries": [
						"If the riverine fails a saving throw, it can choose to succeed instead."
					]
				}
			],
			"action": [
				{
					"name": "Multiattack",
					"entries": [
						"The riverine makes two Flood Strike attacks."
					]
				},
				{
					"name": "Flood Strike",
					"entries": [
						"{@atk mw} {@hit 9} to hit, reach 10 ft., one target. {@h}14 ({@damage 2d8 + 5}) bludgeoning damage plus 10 ({@damage 3d6}) cold damage."
					]
				}
			],
			"bonus": [
				{
					"name": "Whirlpool Step",
					"entries": [
						"The riverine magically teleports to an unoccupied space it can see within 30 feet of itself. Both the space it leaves and its destination must be in or on the surface of water."
					]
				}
			],
			"legendary": [
				{
					"name": "Whirlpool Rush",
					"entries": [
						"The riverine uses its Whirlpool Step. Immediately after it teleports, each creature within 5 feet of the riverine's destination space takes 5 ({@damage 1d10}) cold damage."
					]
				},
				{
					"name": "Raging Deluge (Costs 2 Actions)",
					"entries": [
						"The riverine unleashes a torrent of river water in a 30-foot line that is 5 feet wide. Each creature in that area must make a {@dc 17} Dexterity saving throw. On a failed save, a creature takes 11 ({@damage 2d10}) bludgeoning damage and is knocked {@condition prone}. On a successful save, a creature takes half as much damage and isn't knocked {@condition prone}."
					]
				}
			],
			"legendaryGroup": {
				"name": "Riverine",
				"source": "JttRC"
			},
			"traitTags": [
				"Amphibious",
				"Legendary Resistances"
			],
			"senseTags": [
				"B"
			],
			"actionTags": [
				"Multiattack"
			],
			"languageTags": [
				"AQ",
				"C",
				"S"
			],
			"damageTags": [
				"B",
				"C"
			],
			"spellcastingTags": [
				"O"
			],
			"miscTags": [
				"AOE",
				"MW",
				"RCH"
			],
			"conditionInflict": [
				"prone"
			],
			"hasToken": true,
			"hasFluff": true,
			"hasFluffImages": true
		},
		{
			"name": "Rooster",
			"source": "JttRC",
			"page": 206,
			"_copy": {
				"name": "Hawk",
				"source": "MM",
				"_mod": {
					"*": {
						"mode": "replaceTxt",
						"replace": "hawk",
						"with": "rooster"
					}
				}
			},
			"speed": {
				"walk": 10
			},
			"hasToken": true
		},
		{
			"name": "Samira Arah",
			"isNpc": true,
			"isNamedCreature": true,
			"source": "JttRC",
			"page": 68,
			"_copy": {
				"name": "Spy",
				"source": "MM",
				"_trait": {
					"name": "High Elf",
					"source": "PHB"
				},
				"_mod": {
					"*": {
						"mode": "replaceTxt",
						"replace": "the spy",
						"with": "Samira",
						"flags": "i"
					}
				}
			},
			"alignment": [
				"N"
			],
			"traitTags": [
				"Fey Ancestry",
				"Sneak Attack"
			],
			"hasToken": true,
			"hasFluffImages": true
		},
		{
			"name": "Serapio",
			"isNpc": true,
			"isNamedCreature": true,
			"source": "JttRC",
			"page": 61,
			"_copy": {
				"name": "Tlacatecolo",
				"source": "JttRC",
				"_mod": {
					"*": {
						"mode": "replaceTxt",
						"replace": "the tlacatecolo",
						"with": "Serapio",
						"flags": "i"
					}
				}
			},
			"hasToken": true,
			"hasFluffImages": true
		},
		{
			"name": "Sholeh",
			"isNpc": true,
			"isNamedCreature": true,
			"source": "JttRC",
			"page": 14,
			"_copy": {
				"name": "Ancient Brass Dragon",
				"source": "MM",
				"_mod": {
					"*": {
						"mode": "replaceTxt",
						"replace": "the dragon",
						"with": "Sholeh",
						"flags": "i"
					}
				}
			},
			"alignment": [
				"N",
				"G"
			],
			"conditionInflictLegendary": [],
			"hasToken": true,
			"hasFluffImages": true
		},
		{
			"name": "Soul Shaker",
			"source": "JttRC",
			"page": 47,
			"size": [
				"L"
			],
			"type": "undead",
			"alignment": [
				"C",
				"E"
			],
			"alignmentPrefix": "typically ",
			"ac": [
				{
					"ac": 13,
					"from": [
						"natural armor"
					]
				}
			],
			"hp": {
				"average": 76,
				"formula": "8d10 + 32"
			},
			"speed": {
				"walk": 20
			},
			"str": 20,
			"dex": 8,
			"con": 18,
			"int": 8,
			"wis": 11,
			"cha": 14,
			"senses": [
				"blindsight 60 ft. (blind beyond this radius)"
			],
			"passive": 10,
			"resist": [
				"necrotic"
			],
			"immune": [
				"poison"
			],
			"conditionImmune": [
				"charmed",
				"exhaustion",
				"frightened",
				"grappled",
				"paralyzed",
				"petrified",
				"poisoned",
				"prone",
				"restrained"
			],
			"languages": [
				"telepathy 60 ft."
			],
			"cr": "4",
			"trait": [
				{
					"name": "Enthralled Lure (1/Day)",
					"entries": [
						"The soul shaker can cast the {@spell geas} spell, requiring no spell components and using Charisma as the spellcasting ability (spell save {@dc 12})."
					]
				},
				{
					"name": "Reconstruction",
					"entries": [
						"When the soul shaker is reduced to 0 hit points, it explodes into 7 ({@dice 1d4 + 5}) crawling claws. After 6 ({@dice 1d12}) days, if at least two of those crawling claws are alive, they teleport to the location of the soul shaker's death and merge together, whereupon the soul shaker reforms and regains all its hit points."
					]
				},
				{
					"name": "Unusual Nature",
					"entries": [
						"The soul shaker doesn't require air, food, drink, or sleep."
					]
				}
			],
			"action": [
				{
					"name": "Crushing Grasp",
					"entries": [
						"{@atk mw} {@hit 7} to hit, reach 5 ft., one target. {@h}14 ({@damage 2d8 + 5}) bludgeoning damage. If the target is a Medium or smaller creature, it is {@condition grappled} (escape {@dc 15}). The soul shaker can have only one creature {@condition grappled} in this way at a time."
					]
				}
			],
			"bonus": [
				{
					"name": "Consume Vitality",
					"entries": [
						"The soul shaker targets a creature it is grappling. If the target is not a Construct or an Undead, the target must succeed on a {@dc 14} Constitution saving throw or take 7 ({@damage 2d6}) necrotic damage. The target's hit point maximum is reduced by an amount equal to the necrotic damage taken, and the soul shaker regains hit points equal to that amount. This reduction lasts until the target finishes a long rest. The target dies if its hit point maximum is reduced to 0."
					]
				}
			],
			"traitTags": [
				"Unusual Nature"
			],
			"senseTags": [
				"B"
			],
			"languageTags": [
				"TP"
			],
			"damageTags": [
				"B",
				"N"
			],
			"miscTags": [
				"HPR",
				"MW"
			],
			"conditionInflict": [
				"grappled"
			],
			"hasToken": true,
			"hasFluff": true,
			"hasFluffImages": true
		},
		{
			"name": "Tlacatecolo",
			"source": "JttRC",
			"page": 65,
			"size": [
				"M"
			],
			"type": {
				"type": "fiend",
				"tags": [
					"demon"
				]
			},
			"alignment": [
				"N",
				"E"
			],
			"alignmentPrefix": "typically ",
			"ac": [
				13
			],
			"hp": {
				"average": 78,
				"formula": "12d8 + 24"
			},
			"speed": {
				"walk": 30,
				"fly": 30
			},
			"str": 12,
			"dex": 17,
			"con": 14,
			"int": 10,
			"wis": 15,
			"cha": 10,
			"save": {
				"dex": "+6",
				"con": "+5"
			},
			"skill": {
				"perception": "+5",
				"stealth": "+6"
			},
			"senses": [
				"darkvision 120 ft."
			],
			"passive": 15,
			"resist": [
				"cold",
				"poison"
			],
			"conditionImmune": [
				"poisoned"
			],
			"languages": [
				"Abyssal",
				"Common"
			],
			"cr": "5",
			"trait": [
				{
					"name": "Magic Resistance",
					"entries": [
						"The tlacatecolo has advantage on saving throws against spells and other magical effects."
					]
				}
			],
			"action": [
				{
					"name": "Multiattack",
					"entries": [
						"The tlacatecolo makes two Talon attacks."
					]
				},
				{
					"name": "Talon",
					"entries": [
						"{@atk mw} {@hit 6} to hit, reach 5 ft., one target. {@h}8 ({@damage 1d8 + 3}) piercing damage plus 14 ({@damage 3d8}) poison damage."
					]
				},
				{
					"name": "Change Shape",
					"entries": [
						"The tlacatecolo magically transforms into a Medium owl, while retaining its game statistics (other than its size). This transformation ends if the tlacatecolo is reduced to 0 hit points or if it uses its action to end it."
					]
				},
				{
					"name": "Plague Winds (Fiend Form Only; Recharge 5-6)",
					"entries": [
						"The tlacatecolo emits a chilling, disease-ridden wind in a 60-foot line that is 10 feet wide. Each creature in that area must succeed on a {@dc 13} Constitution saving throw or take 26 ({@damage 4d12}) cold damage and become {@condition poisoned}.",
						"While {@condition poisoned} in this way, the creature can't regain hit points. At the end of every hour, the creature must succeed on a {@dc 13} Constitution saving throw or gain 1 level of {@condition exhaustion}. If the creature is in direct sunlight when it makes this saving throw, it automatically succeeds on the save.",
						"If the creature is targeted by magic that ends a poison or disease, such as lesser restoration, while the creature isn't in direct sunlight, the effect does not end."
					]
				}
			],
			"traitTags": [
				"Magic Resistance"
			],
			"senseTags": [
				"SD"
			],
			"actionTags": [
				"Multiattack",
				"Shapechanger"
			],
			"languageTags": [
				"AB",
				"C"
			],
			"damageTags": [
				"C",
				"I",
				"P"
			],
			"miscTags": [
				"AOE",
				"MW"
			],
			"conditionInflict": [
				"exhaustion",
				"poisoned"
			],
			"hasToken": true,
			"hasFluff": true,
			"hasFluffImages": true
		},
		{
			"name": "Tlexolotl",
			"source": "JttRC",
			"page": 119,
			"size": [
				"H"
			],
			"type": "elemental",
			"alignment": [
				"N"
			],
			"alignmentPrefix": "typically ",
			"ac": [
				{
					"ac": 15,
					"from": [
						"natural armor"
					]
				}
			],
			"hp": {
				"average": 104,
				"formula": "11d12 + 33"
			},
			"speed": {
				"walk": 40
			},
			"str": 25,
			"dex": 10,
			"con": 17,
			"int": 7,
			"wis": 13,
			"cha": 9,
			"senses": [
				"darkvision 120 ft.",
				"tremorsense 120 ft."
			],
			"passive": 11,
			"immune": [
				"fire",
				"poison"
			],
			"conditionImmune": [
				"paralyzed",
				"petrified",
				"poisoned"
			],
			"languages": [
				"Ignan"
			],
			"cr": "10",
			"trait": [
				{
					"name": "Fire Aura",
					"entries": [
						"At the start of each of the tlexolotl's turns, each creature within 10 feet of it takes 7 ({@damage 2d6}) fire damage, and flammable objects in that aura that aren't being worn or carried ignite. A creature that touches the tlexolotl or hits it with a melee attack while within 5 feet of it takes 7 ({@damage 2d6}) fire damage."
					]
				},
				{
					"name": "Illumination",
					"entries": [
						"The tlexolotl sheds bright light in a 30-foot radius and dim light for an additional 30 feet."
					]
				},
				{
					"name": "Regeneration",
					"entries": [
						"The tlexolotl regains 10 hit points at the start of its turn. If the tlexolotl takes cold damage or is immersed in water, this trait doesn't function at the start of the tlexolotl's next turn. The tlexolotl dies only if it starts its turn with 0 hit points and doesn't regenerate."
					]
				}
			],
			"action": [
				{
					"name": "Multiattack",
					"entries": [
						"The tlexolotl makes one Bite attack and one Tail attack."
					]
				},
				{
					"name": "Bite",
					"entries": [
						"{@atk mw} {@hit 11} to hit, reach 10 ft., one target. {@h}12 ({@damage 1d10 + 7}) piercing damage plus 18 ({@damage 4d8}) fire damage."
					]
				},
				{
					"name": "Tail",
					"entries": [
						"{@atk mw} {@hit 11} to hit, reach 10 ft., one target. {@h}11 ({@damage 1d8 + 7}) bludgeoning damage plus 14 ({@damage 4d6}) fire damage. If the target is a Large or smaller creature, it must succeed on a {@dc 19} Strength saving throw or be pushed up to 10 feet away from the tlexolotl and knocked {@condition prone}."
					]
				},
				{
					"name": "Pyroclasm {@recharge 5}",
					"entries": [
						"Gouts of molten lava erupt from the tlexolotl's body. Each creature in a 30-foot-radius sphere centered on the tlexolotl must make a {@dc 15} Dexterity saving throw. On a failed saving throw, a creature takes 21 ({@damage 6d6}) fire damage and 21 ({@damage 6d6}) bludgeoning damage. On a successful saving throw, a creature takes half as much damage."
					]
				}
			],
			"traitTags": [
				"Illumination",
				"Regeneration"
			],
			"senseTags": [
				"SD",
				"T"
			],
			"actionTags": [
				"Multiattack"
			],
			"languageTags": [
				"IG"
			],
			"damageTags": [
				"B",
				"F",
				"P"
			],
			"miscTags": [
				"AOE",
				"MW",
				"RCH"
			],
			"conditionInflict": [
				"prone"
			],
			"hasToken": true,
			"hasFluff": true,
			"hasFluffImages": true
		},
		{
			"name": "Tonalli",
			"isNpc": true,
			"isNamedCreature": true,
			"source": "JttRC",
			"page": 110,
			"_copy": {
				"name": "Priest",
				"source": "MM",
				"_trait": {
					"name": "Mountain Dwarf",
					"source": "PHB"
				},
				"_mod": {
					"*": {
						"mode": "replaceTxt",
						"replace": "the priest",
						"with": "Tonalli",
						"flags": "i"
					}
				}
			},
			"alignment": [
				"L",
				"N"
			],
			"hasToken": true,
			"hasFluffImages": true
		},
		{
			"name": "Tungsten Ward",
			"isNpc": true,
			"isNamedCreature": true,
			"source": "JttRC",
			"page": 38,
			"_copy": {
				"name": "Acolyte",
				"source": "MM",
				"_mod": {
					"*": {
						"mode": "replaceTxt",
						"replace": "the acolyte",
						"with": "Tungsten",
						"flags": "i"
					}
				}
			},
			"type": {
				"type": "humanoid",
				"tags": [
					"human"
				]
			},
			"alignment": [
				"L",
				"G"
			],
			"hasToken": true,
			"hasFluffImages": true
		},
		{
			"name": "Uzoma Baten",
			"isNpc": true,
			"isNamedCreature": true,
			"source": "JttRC",
			"page": 94,
			"_copy": {
				"name": "Guard",
				"source": "MM",
				"_trait": {
					"name": "Mountain Dwarf",
					"source": "PHB"
				},
				"_mod": {
					"*": {
						"mode": "replaceTxt",
						"replace": "the guard",
						"with": "Uzoma",
						"flags": "i"
					}
				}
			},
			"alignment": [
				"L",
				"G"
			],
			"hasToken": true,
			"hasFluffImages": true
		},
		{
			"name": "Vi Aroon",
			"isNpc": true,
			"isNamedCreature": true,
			"source": "JttRC",
			"page": 28,
			"_copy": {
				"name": "Noble",
				"source": "MM",
				"_mod": {
					"*": {
						"mode": "replaceTxt",
						"replace": "the noble",
						"with": "Vi",
						"flags": "i"
					}
				}
			},
			"type": {
				"type": "humanoid",
				"tags": [
					"human"
				]
			},
			"alignment": [
				"C",
				"G"
			],
			"hasToken": true,
			"hasFluffImages": true
		},
		{
			"name": "Wei Feng Ying",
			"isNpc": true,
			"isNamedCreature": true,
			"source": "JttRC",
			"page": 188,
			"_copy": {
				"name": "Archmage",
				"source": "MM",
				"_mod": {
					"*": {
						"mode": "replaceTxt",
						"replace": "the archmage",
						"with": "Wei Feng",
						"flags": "i"
					}
				}
			},
			"type": {
				"type": "humanoid",
				"tags": [
					"human"
				]
			},
			"alignment": [
				"L",
				"N"
			],
			"hasToken": true,
			"hasFluffImages": true
		},
		{
			"name": "Whistler",
			"source": "JttRC",
			"page": 221,
			"size": [
				"L"
			],
			"type": "aberration",
			"alignment": [
				"N",
				"E"
			],
			"alignmentPrefix": "typically ",
			"ac": [
				{
					"ac": 15,
					"from": [
						"natural armor"
					]
				}
			],
			"hp": {
				"average": 180,
				"formula": "24d10 + 48"
			},
			"speed": {
				"walk": 40
			},
			"str": 13,
			"dex": 16,
			"con": 14,
			"int": 15,
			"wis": 16,
			"cha": 18,
			"save": {
				"dex": "+7",
				"cha": "+8"
			},
			"skill": {
				"stealth": "+11"
			},
			"senses": [
				"blindsight 60 ft."
			],
			"passive": 13,
			"resist": [
				"psychic"
			],
			"conditionImmune": [
				"charmed",
				"exhaustion",
				"frightened"
			],
			"languages": [
				"Deep Speech",
				"telepathy 120 ft."
			],
			"cr": "9",
			"trait": [
				{
					"name": "Blurred Form",
					"entries": [
						"Attack rolls against the whistler are made with disadvantage unless the whistler is {@condition incapacitated}."
					]
				},
				{
					"name": "Unusual Nature",
					"entries": [
						"The whistler doesn't require air, food, drink, or sleep."
					]
				}
			],
			"action": [
				{
					"name": "Multiattack",
					"entries": [
						"The whistler makes three Psychic Swipe attacks."
					]
				},
				{
					"name": "Psychic Swipe",
					"entries": [
						"{@atk ms} {@hit 8} to hit, reach 10 ft., one creature. {@h}15 ({@damage 2d10 + 4}) psychic damage."
					]
				},
				{
					"name": "Otherworldly Melody {@recharge 5}",
					"entries": [
						"The whistler telepathically whistles an otherworldly melody into the minds of up to two creatures it can see within range of its telepathy. Each target must succeed on a {@dc 16} Wisdom saving throw or take 33 ({@damage 6d10}) psychic damage and become {@condition frightened} of the whistler for 1 minute. A {@condition frightened} creature can repeat this saving throw at the end of each of its turns, ending the effect on itself on a success."
					]
				}
			],
			"bonus": [
				{
					"name": "Surreal Step",
					"entries": [
						"The whistler teleports up to 20 feet to an unoccupied space it can see."
					]
				}
			],
			"traitTags": [
				"Unusual Nature"
			],
			"senseTags": [
				"B"
			],
			"actionTags": [
				"Multiattack"
			],
			"languageTags": [
				"DS",
				"TP"
			],
			"damageTags": [
				"Y"
			],
			"miscTags": [
				"RCH"
			],
			"conditionInflict": [
				"frightened"
			],
			"hasToken": true,
			"hasFluff": true,
			"hasFluffImages": true
		},
		{
			"name": "White Jade Emperor",
			"isNpc": true,
			"isNamedCreature": true,
			"source": "JttRC",
			"page": 197,
			"_copy": {
				"name": "Noble",
				"source": "MM",
				"_trait": {
					"name": "Mountain Dwarf",
					"source": "PHB"
				},
				"_mod": {
					"*": {
						"mode": "replaceTxt",
						"replace": "noble",
						"with": "emperor"
					}
				}
			},
			"alignment": [
				"L",
				"N"
			],
			"hasToken": true,
			"hasFluffImages": true
		},
		{
			"name": "Wynling",
			"source": "JttRC",
			"page": 33,
			"size": [
				"T"
			],
			"type": "fey",
			"alignment": [
				"C",
				"N"
			],
			"alignmentPrefix": "typically ",
			"ac": [
				15
			],
			"hp": {
				"average": 21,
				"formula": "6d4 + 6"
			},
			"speed": {
				"walk": 30,
				"fly": 40
			},
			"str": 3,
			"dex": 20,
			"con": 13,
			"int": 10,
			"wis": 14,
			"cha": 16,
			"skill": {
				"sleight of hand": "+7",
				"stealth": "+7"
			},
			"senses": [
				"darkvision 60 ft."
			],
			"passive": 12,
			"languages": [
				"Sylvan"
			],
			"cr": "1/2",
			"action": [
				{
					"name": "Slam",
					"entries": [
						"{@atk mw} {@hit 7} to hit, reach 5 ft., one target. {@h}7 ({@damage 1d4 + 5}) bludgeoning damage."
					]
				},
				{
					"name": "Cloak of the Mountain {@recharge 4}",
					"entries": [
						"The wynling magically turns {@condition invisible}, along with any equipment it is wearing or carrying, for 1 minute or until it makes an attack roll."
					]
				}
			],
			"reaction": [
				{
					"name": "Trickster's Flight",
					"entries": [
						"Immediately after a creature the wynling can see misses the wynling with an attack roll, the wynling can move up to 30 feet. This movement doesn't provoke opportunity attacks."
					]
				}
			],
			"senseTags": [
				"D"
			],
			"languageTags": [
				"S"
			],
			"damageTags": [
				"B"
			],
			"miscTags": [
				"MW"
			],
			"conditionInflict": [
				"invisible"
			],
			"hasToken": true,
			"hasFluff": true,
			"hasFluffImages": true
		},
		{
			"name": "Xocopol",
			"isNpc": true,
			"isNamedCreature": true,
			"source": "JttRC",
			"page": 112,
			"_copy": {
				"name": "Fire Giant",
				"source": "MM",
				"_mod": {
					"*": {
						"mode": "replaceTxt",
						"replace": "the giant",
						"with": "Xocopol",
						"flags": "i"
					},
					"action": [
						{
							"mode": "replaceArr",
							"replace": "Multiattack",
							"items": {
								"name": "Multiattack",
								"entries": [
									"The giant makes two greathammer attacks."
								]
							}
						},
						{
							"mode": "replaceArr",
							"replace": "Greatsword",
							"items": {
								"name": "Greathammer",
								"entries": [
									"{@atk mw} {@hit 11} to hit, reach 10 ft., one target. {@h}28 ({@damage 6d6 + 7}) bludgeoning damage."
								]
							}
						}
					]
				}
			},
			"alignment": [
				"N"
			],
			"hasToken": true,
			"hasFluffImages": true
		},
		{
			"name": "Yarana",
			"isNpc": true,
			"isNamedCreature": true,
			"source": "JttRC",
			"page": 204,
			"_copy": {
				"name": "Scout",
				"source": "MM",
				"_mod": {
					"*": {
						"mode": "replaceTxt",
						"replace": "the scout",
						"with": "Yarana",
						"flags": "i"
					}
				}
			},
			"type": {
				"type": "humanoid",
				"tags": [
					"human"
				]
			},
			"alignment": [
				"N",
				"G"
			],
			"hasToken": true,
			"hasFluffImages": true
		},
		{
			"name": "Young-Gi",
			"isNpc": true,
			"isNamedCreature": true,
			"source": "JttRC",
			"page": 85,
			"_copy": {
				"name": "Noble",
				"source": "MM",
				"_trait": {
					"name": "Dragonborn (Red)",
					"source": "PHB"
				},
				"_mod": {
					"*": {
						"mode": "replaceTxt",
						"replace": "the noble",
						"with": "Young-Gi",
						"flags": "i"
					}
				}
			},
			"alignment": [
				"N"
			],
			"hasToken": true,
			"hasFluffImages": true
		},
		{
			"name": "Zisatta",
			"isNpc": true,
			"isNamedCreature": true,
			"source": "JttRC",
			"page": 177,
			"_copy": {
				"name": "Nightsea chil-liren",
				"source": "JttRC",
				"_mod": {
					"*": {
						"mode": "replaceTxt",
						"replace": "Nightsea chil-liren",
						"with": "Zisatta",
						"flags": "i"
					}
				}
			},
			"alignment": [
				"L",
				"N"
			],
			"hasToken": true,
			"hasFluffImages": true
		}
	]
}
