{
	"monster": [
		{
			"name": "Dream Eater",
			"source": "MCV2DC",
			"page": 3,
			"size": [
				"M"
			],
			"type": "aberration",
			"alignment": [
				"C",
				"E"
			],
			"alignmentPrefix": "typically ",
			"ac": [
				15
			],
			"hp": {
				"average": 77,
				"formula": "14d8 + 14"
			},
			"speed": {
				"walk": 0,
				"fly": {
					"number": 50,
					"condition": "(hover)"
				},
				"canHover": true
			},
			"str": 15,
			"dex": 20,
			"con": 13,
			"int": 12,
			"wis": 16,
			"cha": 21,
			"senses": [
				"blindsight 120 ft. (blind beyond this radius)"
			],
			"passive": 13,
			"resist": [
				{
					"resist": [
						"bludgeoning",
						"piercing",
						"slashing"
					],
					"note": "from nonmagical attacks",
					"cond": true
				}
			],
			"immune": [
				"psychic"
			],
			"conditionImmune": [
				"blinded",
				"charmed",
				"frightened",
				"grappled",
				"paralyzed",
				"petrified",
				"restrained"
			],
			"languages": [
				"Deep Speech",
				"telepathy 120 ft."
			],
			"cr": "7",
			"trait": [
				{
					"name": "Ghastly Visions",
					"entries": [
						"Each creature that starts its turn within 30 feet of the dream eater must make a {@dc 16} Wisdom saving throw. On a failed save, the creature is {@condition frightened} of the dream eater until the start of the creature's next turn. If a creature's saving throw is successful, the creature is immune to this dream eater's Ghastly Visions trait for the next 24 hours."
					]
				},
				{
					"name": "Incorporeal Movement",
					"entries": [
						"The dream eater can move through other creatures and objects as if they were difficult terrain. It takes 5 ({@damage 1d10}) force damage if it ends its turn inside an object."
					]
				},
				{
					"name": "Magic Resistance",
					"entries": [
						"The dream eater has advantage on saving throws against spells and other magical effects."
					]
				}
			],
			"action": [
				{
					"name": "Multiattack",
					"entries": [
						"The dream eater makes two Ensnaring Shriek attacks."
					]
				},
				{
					"name": "Ensnaring Shriek",
					"entries": [
						"{@atk ms,rs} {@hit 8} to hit, reach 15 ft. or range 60 ft., one target. {@h}12 ({@damage 2d6 + 5}) psychic damage, and if the target is a Medium or smaller creature, the target must succeed on a {@dc 16} Charisma saving throw or be pulled up to 15 feet toward the dream eater."
					]
				}
			],
			"bonus": [
				{
					"name": "Engulfing Nightmare",
					"entries": [
						"The dream eater targets one creature within 5 feet of itself. The target must succeed on a {@dc 16} Wisdom saving throw or be engulfed by the dream eater, as the dream eater envelops the creature in a miasma of its worst fears.",
						"When the dream eater engulfs a target, the dream eater enters its space, and the target immediately takes 10 ({@damage 3d6}) psychic damage. An engulfed target is {@condition restrained} and {@condition blinded}, and it takes an additional 10 ({@damage 3d6}) psychic damage at the start of each of the dream eater's turns. When the dream eater moves, the engulfed target moves with it.",
						"The dream eater can have only one target engulfed at a time. An engulfed target escapes at the start of its turn by making a {@dc 16} Wisdom saving throw. On a successful save, the target escapes; the target is no longer engulfed, and it enters a space of its choice within 5 feet of the dream eater. A creature within 15 feet of the dream eater also can use its action to attempt to free an engulfed target. Doing so requires the creature to use its action to make a {@dc 16} Charisma (Persuasion) check to convince the engulfed target the nightmare isn't real, with the target escaping on a success. The creature making the check takes 10 ({@damage 3d6}) psychic damage, regardless of the check's success or failure, as its mind brushes against the nightmare."
					]
				}
			],
			"traitTags": [
				"Incorporeal Movement",
				"Magic Resistance"
			],
			"senseTags": [
				"B"
			],
			"actionTags": [
				"Multiattack"
			],
			"languageTags": [
				"DS",
				"TP"
			],
			"damageTags": [
				"O",
				"Y"
			],
			"miscTags": [
				"RCH"
			],
			"conditionInflict": [
				"blinded",
				"frightened",
				"restrained"
			],
			"hasToken": true,
			"hasFluff": true,
			"hasFluffImages": true
		},
		{
			"name": "Ember",
			"isNamedCreature": true,
			"source": "MCV2DC",
			"page": 5,
			"size": [
				"H"
			],
			"type": {
				"type": "dragon",
				"tags": [
					"adult chromatic"
				]
			},
			"alignment": [
				"C",
				"E"
			],
			"ac": [
				{
					"ac": 20,
					"from": [
						"special equipment"
					]
				}
			],
			"hp": {
				"average": 270,
				"formula": "20d12 + 140"
			},
			"speed": {
				"walk": 40,
				"climb": 40,
				"fly": 80
			},
			"str": 28,
			"dex": 10,
			"con": 25,
			"int": 17,
			"wis": 14,
			"cha": 22,
			"save": {
				"dex": "+7",
				"con": "+14",
				"wis": "+9",
				"cha": "+13"
			},
			"skill": {
				"perception": "+16",
				"religion": "+10",
				"stealth": "+14"
			},
			"senses": [
				"blindsight 60 ft.",
				"darkvision 120 ft."
			],
			"passive": 26,
			"immune": [
				"fire"
			],
			"languages": [
				"Abyssal",
				"Common",
				"Draconic"
			],
			"cr": "22",
			"trait": [
				{
					"name": "Calescent Aura",
					"entries": [
						"At the start of Ember's turn, Ember can force any number of creatures of his choice within 10 feet of himself to make a {@dc 22} Constitution saving throw. On a failed save, a creature takes 7 ({@damage 2d6}) fire damage and is {@condition frightened} of Ember until the start of its next turn."
					]
				},
				{
					"name": "Legendary Resistance (5/Day)",
					"entries": [
						"If Ember fails a saving throw, he can choose to succeed instead."
					]
				},
				{
					"name": "Special Equipment",
					"entries": [
						"In battle, Ember dons magical plate armor custom-forged for his use. While wearing the armor, Ember adds his Charisma modifier to his weapon damage rolls (included in the attack descriptions), and his AC can't be lower than 20."
					]
				}
			],
			"action": [
				{
					"name": "Multiattack",
					"entries": [
						"Ember makes one Bite attack and two Claw attacks."
					]
				},
				{
					"name": "Bite",
					"entries": [
						"{@atk mw} {@hit 16} to hit, reach 10 ft., one target. {@h}26 ({@damage 2d10 + 15}) piercing damage plus 13 ({@damage 2d6 + 6}) fire damage."
					]
				},
				{
					"name": "Claw",
					"entries": [
						"{@atk mw} {@hit 16} to hit, reach 5 ft., one target. {@h}22 ({@damage 2d6 + 15}) slashing damage."
					]
				},
				{
					"name": "Firestorm Breath {@recharge 5}",
					"entries": [
						"Ember exhales roiling flames and ash in a 90-foot cone. Each creature in that area must make a {@dc 22} Dexterity saving throw. On a failed save, a creature takes 56 ({@damage 16d6}) fire damage and is pushed up to 30 feet away from Ember and knocked {@condition prone}. On a successful save, a creature takes half as much damage with no other effects. If a creature is reduced to 0 hit points by this effect, the creature immediately dies, and its body is reduced to ash."
					]
				}
			],
			"bonus": [
				{
					"name": "Alter Shape",
					"entries": [
						"Ember magically transforms into a vulture or a mage and retains his alignment, damage immunities, hit points, and Hit Dice, as well as his Intelligence, Wisdom, and Charisma scores. This transformation ends if Ember is reduced to 0 hit points or if he uses another bonus action to end it."
					]
				}
			],
			"legendary": [
				{
					"name": "Pursuit",
					"entries": [
						"Ember moves up to 40 feet in a straight line toward one creature he can see. This movement ignores opportunity attacks."
					]
				},
				{
					"name": "Searing Bite (Costs 2 Actions)",
					"entries": [
						"Ember makes one Bite attack. If the attack hits, it deals an additional 7 ({@damage 2d6}) fire damage."
					]
				}
			],
			"traitTags": [
				"Legendary Resistances"
			],
			"senseTags": [
				"B",
				"SD"
			],
			"actionTags": [
				"Breath Weapon",
				"Multiattack"
			],
			"languageTags": [
				"AB",
				"C",
				"DR"
			],
			"damageTags": [
				"F",
				"P",
				"S"
			],
			"miscTags": [
				"AOE",
				"MW",
				"RCH"
			],
			"conditionInflict": [
				"frightened",
				"prone"
			],
			"hasToken": true,
			"hasFluff": true,
			"hasFluffImages": true
		},
		{
			"name": "Forest Master",
			"source": "MCV2DC",
			"page": 6,
			"size": [
				"L"
			],
			"type": {
				"type": "celestial",
				"tags": [
					"unicorn"
				]
			},
			"alignment": [
				"N",
				"G"
			],
			"ac": [
				{
					"ac": 16,
					"from": [
						"natural armor"
					]
				}
			],
			"hp": {
				"average": 105,
				"formula": "14d10 + 28"
			},
			"speed": {
				"walk": 50
			},
			"str": 18,
			"dex": 14,
			"con": 15,
			"int": 13,
			"wis": 19,
			"cha": 17,
			"save": {
				"int": "+4",
				"wis": "+7"
			},
			"skill": {
				"insight": "+7",
				"nature": "+4",
				"perception": "+7"
			},
			"senses": [
				"darkvision 60 ft."
			],
			"passive": 17,
			"immune": [
				"poison"
			],
			"conditionImmune": [
				"charmed",
				"paralyzed",
				"poisoned"
			],
			"languages": [
				"Celestial",
				"Elvish",
				"Sylvan",
				"telepathy 60 ft."
			],
			"cr": "8",
			"spellcasting": [
				{
					"name": "Spellcasting",
					"headerEntries": [
						"The Forest Master casts one of the following spells, requiring no material components and using Wisdom as the spellcasting ability (spell save {@dc 15}):"
					],
					"will": [
						"{@spell druidcraft}",
						"{@spell fog cloud}",
						"{@spell guidance}"
					],
					"daily": {
						"2e": [
							"{@spell goodberry}",
							"{@spell greater restoration}",
							"{@spell pass without trace}",
							"{@spell speak with plants}"
						]
					},
					"ability": "wis",
					"displayAs": "action"
				}
			],
			"trait": [
				{
					"name": "Legendary Resistance (2/Day)",
					"entries": [
						"If the Forest Master fails a saving throw, he can choose to succeed instead."
					]
				},
				{
					"name": "Magic Resistance",
					"entries": [
						"The Forest Master has advantage on saving throws against spells and other magical effects."
					]
				},
				{
					"name": "Master of Beasts",
					"entries": [
						"The Forest Master can comprehend and communicate with any Beast, even if the Beast knows no languages."
					]
				}
			],
			"action": [
				{
					"name": "Multiattack",
					"entries": [
						"The Forest Master makes either two Hooves attacks, two Moon Bolt attacks, or one of each."
					]
				},
				{
					"name": "Hooves",
					"entries": [
						"{@atk mw} {@hit 7} to hit, reach 5 ft., one target. {@h}11 ({@damage 2d6 + 4}) bludgeoning damage."
					]
				},
				{
					"name": "Moon Bolt",
					"entries": [
						"{@atk rs} {@hit 7} to hit, range 60 ft., one target. {@h}11 ({@damage 2d6 + 4}) radiant damage."
					]
				}
			],
			"bonus": [
				{
					"name": "Erupting Briars {@recharge 4}",
					"entries": [
						"The Forest Master touches his horn to the earth and causes a 5-foot-tall wall of briars to erupt in a 90-foot line that is 10 feet wide. When the wall appears, each creature in its area is pushed into the nearest unoccupied space adjacent to the wall and must make a {@dc 15} Dexterity saving throw, taking 27 ({@damage 6d8}) piercing damage on a failed save or half as much damage on a successful one.",
						"The wall of briars lasts until the start of the Forest Master's next turn. The wall blocks line of sight and counts as difficult terrain for all creatures except the Forest Master. The first time a creature enters the wall's area on a turn, that creature must succeed on a {@dc 15} Dexterity saving throw or take 13 ({@damage 3d8}) piercing damage."
					]
				}
			],
			"reaction": [
				{
					"name": "Misty Escape",
					"entries": [
						"If the Forest Master takes damage from a melee attack, he, along with any equipment he is wearing or carrying, teleports to an unoccupied space within 30 feet that he can see."
					]
				}
			],
			"traitTags": [
				"Legendary Resistances",
				"Magic Resistance"
			],
			"senseTags": [
				"D"
			],
			"actionTags": [
				"Multiattack"
			],
			"languageTags": [
				"CE",
				"E",
				"S",
				"TP"
			],
			"damageTags": [
				"B",
				"P",
				"R"
			],
			"spellcastingTags": [
				"O"
			],
			"miscTags": [
				"AOE",
				"MW"
			],
			"hasToken": true,
			"hasFluff": true,
			"hasFluffImages": true
		},
		{
			"name": "Foresworn",
			"source": "MCV2DC",
			"page": 7,
			"size": [
				"M"
			],
			"type": "undead",
			"alignment": [
				"L",
				"G"
			],
			"alignmentPrefix": "typically ",
			"ac": [
				{
					"ac": 18,
					"from": [
						"{@item plate armor|PHB}"
					]
				}
			],
			"hp": {
				"average": 82,
				"formula": "11d8 + 33"
			},
			"speed": {
				"walk": 30
			},
			"str": 20,
			"dex": 14,
			"con": 17,
			"int": 12,
			"wis": 18,
			"cha": 10,
			"save": {
				"str": "+8",
				"wis": "+7"
			},
			"senses": [
				"darkvision 60 ft."
			],
			"passive": 14,
			"resist": [
				"necrotic",
				{
					"resist": [
						"bludgeoning",
						"piercing",
						"slashing"
					],
					"note": "from nonmagical attacks",
					"cond": true
				}
			],
			"immune": [
				"poison"
			],
			"conditionImmune": [
				"exhaustion",
				"frightened",
				"grappled",
				"paralyzed",
				"petrified",
				"poisoned",
				"prone",
				"restrained",
				"unconscious"
			],
			"languages": [
				"the languages it knew in life"
			],
			"cr": "6",
			"spellcasting": [
				{
					"name": "Spellcasting",
					"headerEntries": [
						"The foresworn casts one of the following spells, requiring no material components and using Wisdom as the spellcasting ability (spell save {@dc 15}):"
					],
					"daily": {
						"1": [
							"{@spell wall of force}"
						],
						"2e": [
							"{@spell command}",
							"{@spell detect evil and good}"
						]
					},
					"ability": "wis",
					"displayAs": "action"
				}
			],
			"trait": [
				{
					"name": "Duty-Bound",
					"entries": [
						"The foresworn is bound to enacting a singular duty it pledged itself to in life. While this duty is incomplete, whenever the foresworn is destroyed, it re-forms at its previous location after 3 ({@dice 1d6}) days, with all its hit points restored."
					]
				},
				{
					"name": "Incorporeal Movement",
					"entries": [
						"The foresworn can move through other creatures and objects as if they were difficult terrain. It takes 5 ({@damage 1d10}) force damage if it ends its turn inside an object."
					]
				},
				{
					"name": "Unusual Nature",
					"entries": [
						"The foresworn doesn't require air, food, drink, or sleep."
					]
				}
			],
			"action": [
				{
					"name": "Multiattack",
					"entries": [
						"The foresworn makes three Spectral Polearm attacks."
					]
				},
				{
					"name": "Spectral Polearm",
					"entries": [
						"{@atk mw} {@hit 8} to hit, reach 5 ft., one target. {@h}12 ({@damage 2d6 + 5}) force damage."
					]
				}
			],
			"bonus": [
				{
					"name": "Phantasmic Battalion {@recharge 5}",
					"entries": [
						"The foresworn summons a battalion of ghostly soldiers to its aid. The ghostly soldiers fill a 10-foot-cube centered on the foresworn, move with the foresworn when the foresworn moves, and last until the start of the foresworn's next turn. While the ghostly soldiers are present, the area they occupy is considered difficult terrain for all creatures except the foresworn, and the foresworn's reach for melee weapon attacks increases by 10 feet."
					]
				}
			],
			"traitTags": [
				"Incorporeal Movement",
				"Unusual Nature"
			],
			"senseTags": [
				"D"
			],
			"actionTags": [
				"Multiattack"
			],
			"languageTags": [
				"LF"
			],
			"damageTags": [
				"O"
			],
			"spellcastingTags": [
				"O"
			],
			"miscTags": [
				"AOE",
				"MW"
			],
			"conditionInflictSpell": [
				"prone"
			],
			"hasToken": true,
			"hasFluff": true,
			"hasFluffImages": true
		},
		{
			"name": "Irda Seeker",
			"source": "MCV2DC",
			"page": 8,
			"size": [
				"M"
			],
			"type": "giant",
			"alignment": [
				"A"
			],
			"ac": [
				12
			],
			"hp": {
				"average": 27,
				"formula": "5d8 + 5"
			},
			"speed": {
				"walk": 30
			},
			"str": 10,
			"dex": 15,
			"con": 12,
			"int": 11,
			"wis": 14,
			"cha": 16,
			"save": {
				"dex": "+4",
				"cha": "+5"
			},
			"skill": {
				"insight": "+6",
				"perception": "+6",
				"stealth": "+4"
			},
			"senses": [
				"darkvision 60 ft.",
				"truesight 5 ft."
			],
			"passive": 16,
			"languages": [
				"Common",
				"Giant",
				"Sylvan"
			],
			"cr": "1",
			"action": [
				{
					"name": "Multiattack",
					"entries": [
						"The seeker uses Augment Physicality, if available, and makes two Crystal Blade attacks."
					]
				},
				{
					"name": "Crystal Blade",
					"entries": [
						"{@atk mw} {@hit 4} to hit, reach 5 ft., one target. {@h}5 ({@damage 1d6 + 2}) force damage, plus 7 ({@damage 2d6}) force damage if the seeker is Large."
					]
				},
				{
					"name": "Augment Physicality (1/Day)",
					"entries": [
						"For 1 minute, the seeker magically heightens its physical ability and increases in size, along with anything it is wearing or carrying. While augmented, the seeker is Large, and makes Strength and Dexterity saving throws with advantage. If the seeker lacks the room to become Large, it attains the maximum size possible in the space available."
					]
				},
				{
					"name": "Change Shape (1/Day)",
					"entries": [
						"The seeker magically transforms to look and feel like a Medium Humanoid it has seen. Any equipment the seeker is wearing or carrying isn't transformed, and the seeker's statistics don't change. The seeker reverts to its true form if the seeker is reduced to 0 hit points or if the seeker uses an action to end the transformation."
					]
				}
			],
			"bonus": [
				{
					"name": "Veil Walk {@recharge 4}",
					"entries": [
						"The seeker, along with any equipment it is wearing or carrying, turns {@condition invisible} and teleports to an unoccupied space it can see within 30 feet of itself. The seeker remains {@condition invisible} until the start of its next turn or until immediately after the seeker makes an attack roll, whichever comes first."
					]
				}
			],
			"senseTags": [
				"D",
				"U"
			],
			"actionTags": [
				"Multiattack",
				"Shapechanger"
			],
			"languageTags": [
				"C",
				"GI",
				"S"
			],
			"damageTags": [
				"O"
			],
			"miscTags": [
				"MW"
			],
			"hasToken": true,
			"hasFluff": true,
			"hasFluffImages": true
		},
		{
			"name": "Irda Veil Keeper",
			"source": "MCV2DC",
			"page": 9,
			"size": [
				"M"
			],
			"type": {
				"type": "giant",
				"tags": [
					"sorcerer"
				]
			},
			"alignment": [
				"A"
			],
			"ac": [
				13
			],
			"hp": {
				"average": 49,
				"formula": "9d8 + 9"
			},
			"speed": {
				"walk": 30
			},
			"str": 9,
			"dex": 16,
			"con": 13,
			"int": 14,
			"wis": 17,
			"cha": 19,
			"save": {
				"int": "+4",
				"wis": "+5",
				"cha": "+6"
			},
			"skill": {
				"arcana": "+4",
				"insight": "+7",
				"perception": "+7"
			},
			"senses": [
				"darkvision 60 ft.",
				"truesight 5 ft."
			],
			"passive": 17,
			"conditionImmune": [
				"charmed",
				"frightened"
			],
			"languages": [
				"Common",
				"Giant",
				"Sylvan"
			],
			"cr": "4",
			"spellcasting": [
				{
					"name": "Spellcasting",
					"headerEntries": [
						"The veil keeper casts one of the following spells, requiring no material components and using Charisma as the spellcasting ability (spell save {@dc 14}):"
					],
					"will": [
						"{@spell dancing lights}",
						"{@spell minor illusion}"
					],
					"daily": {
						"1": [
							"{@spell hallucinatory terrain} (as an action)"
						],
						"2e": [
							"{@spell invisibility}",
							"{@spell major image}",
							"{@spell phantasmal force}"
						]
					},
					"ability": "cha",
					"displayAs": "action"
				}
			],
			"action": [
				{
					"name": "Multiattack",
					"entries": [
						"The veil keeper uses Augment Physicality, if available, and makes two Mirage Flare attacks."
					]
				},
				{
					"name": "Mirage Flare",
					"entries": [
						"{@atk ms,rs} {@hit 6} to hit, reach 5 ft. or range 60 ft., one target. {@h}11 ({@damage 2d6 + 4}) radiant damage, and the target must succeed on a {@dc 14} Wisdom saving throw or be {@condition charmed} by the veil keeper until the start of the veil keeper's next turn. While {@condition charmed} in this way, a creature is {@condition incapacitated} as it is beset by hypnotic, illusory visions."
					]
				},
				{
					"name": "Augment Physicality (1/Day)",
					"entries": [
						"For 1 minute, the veil keeper magically obscures it location, heightens its physical ability, and increases in size, along with anything it is wearing or carrying. While the veil keeper is augmented, attack rolls against it have disadvantage, it is Large, and it makes Strength and Dexterity saving throws with advantage. If the veil keeper lacks the room to become Large, it attains the maximum size possible in the space available. These augmentations end if the veil keeper is {@condition incapacitated}."
					]
				},
				{
					"name": "Change Shape (3/Day)",
					"entries": [
						"The veil keeper magically transforms to look and feel like a Medium Humanoid it has seen. Any equipment the veil keeper is wearing or carrying isn't transformed, and the veil keeper's statistics don't change. The veil keeper reverts to its true form if the veil keeper is reduced to 0 hit points or if the veil keeper uses an action to end the transformation."
					]
				}
			],
			"reaction": [
				{
					"name": "Obscuring Mist",
					"entries": [
						"If a creature that the veil keeper can see within 30 feet of itself is targeted by an attack, the veil keeper surrounds the creature with illusory mist, granting the creature half cover until the start of the veil keeper's next turn."
					]
				}
			],
			"senseTags": [
				"D",
				"U"
			],
			"actionTags": [
				"Multiattack",
				"Shapechanger"
			],
			"languageTags": [
				"C",
				"GI",
				"S"
			],
			"damageTags": [
				"R"
			],
			"damageTagsSpell": [
				"Y"
			],
			"spellcastingTags": [
				"O"
			],
			"conditionInflict": [
				"charmed",
				"incapacitated"
			],
			"conditionInflictSpell": [
				"invisible"
			],
			"hasToken": true,
			"hasFluff": true,
			"hasFluffImages": true
		},
		{
			"name": "Nevermind Gnome Inventor",
			"source": "MCV2DC",
			"page": 10,
			"size": [
				"S"
			],
			"type": "humanoid",
			"alignment": [
				"A"
			],
			"ac": [
				{
					"ac": 14,
					"from": [
						"{@item leather armor|PHB}"
					]
				}
			],
			"hp": {
				"average": 36,
				"formula": "8d6 + 8"
			},
			"speed": {
				"walk": 30
			},
			"str": 8,
			"dex": 17,
			"con": 13,
			"int": 18,
			"wis": 11,
			"cha": 14,
			"save": {
				"dex": "+5",
				"int": "+6"
			},
			"skill": {
				"arcana": "+6",
				"investigation": "+6",
				"perception": "+2"
			},
			"senses": [
				"darkvision 60 ft."
			],
			"passive": 12,
			"languages": [
				"Common",
				"Gnomish"
			],
			"cr": "2",
			"trait": [
				{
					"name": "Always Thinking Ahead",
					"entries": [
						"The inventor has advantage on initiative rolls."
					]
				}
			],
			"action": [
				{
					"name": "Multiattack",
					"entries": [
						"The inventor makes two Flying Fangtrap attacks. It can replace one of these attacks with Thunderscream Gadget if it's available."
					]
				},
				{
					"name": "Flying Fangtrap",
					"entries": [
						"{@atk mw,rw} {@hit 5} to hit, reach 5 ft. or range 60 ft., one target. {@h}8 ({@damage 1d10 + 3}) piercing damage, and the creature must succeed on a {@dc 14} Dexterity saving throw or have its speed reduced to 0 until the start of the inventor's next turn."
					]
				},
				{
					"name": "Thunderscream Gadget {@recharge 5}",
					"entries": [
						"The inventor produces a gadget that emits a screeching wave of sound in a 30-foot cone originating from the inventor. Each creature in that area must make a {@dc 14} Constitution saving throw, taking 10 ({@damage 3d6}) thunder damage on a failed save or half as much damage on a successful one."
					]
				}
			],
			"reaction": [
				{
					"name": "Flash Powder",
					"entries": [
						"If the inventor is damaged by a creature it can see within 15 feet of itself, the inventor retaliates by flinging brilliantly explosive powder at the creature. The creature must succeed on a {@dc 14} Dexterity saving throw or be {@condition blinded} until the end of its next turn."
					]
				}
			],
			"senseTags": [
				"D"
			],
			"actionTags": [
				"Multiattack"
			],
			"languageTags": [
				"C",
				"G"
			],
			"damageTags": [
				"P",
				"T"
			],
			"miscTags": [
				"AOE",
				"MW",
				"RW"
			],
			"conditionInflict": [
				"blinded"
			],
			"hasToken": true,
			"hasFluff": true,
			"hasFluffImages": true
		},
		{
			"name": "Nevermind Gnome Mastermind",
			"source": "MCV2DC",
			"page": 11,
			"size": [
				"S"
			],
			"type": "humanoid",
			"alignment": [
				"A"
			],
			"ac": [
				{
					"ac": 15,
					"from": [
						"{@item leather armor|PHB}"
					]
				}
			],
			"hp": {
				"average": 82,
				"formula": "15d6 + 30"
			},
			"speed": {
				"walk": 30,
				"climb": 30
			},
			"str": 9,
			"dex": 18,
			"con": 14,
			"int": 20,
			"wis": 11,
			"cha": 15,
			"save": {
				"dex": "+7",
				"con": "+5",
				"int": "+8"
			},
			"skill": {
				"arcana": "+8",
				"investigation": "+8",
				"perception": "+3"
			},
			"senses": [
				"darkvision 60 ft."
			],
			"passive": 13,
			"languages": [
				"Common",
				"Gnomish"
			],
			"cr": "5",
			"trait": [
				{
					"name": "Always Thinking Ahead",
					"entries": [
						"The mastermind has advantage on initiative rolls."
					]
				},
				{
					"name": "Spider Climb",
					"entries": [
						"The mastermind can climb difficult surfaces, including upside down on ceilings, without needing to make an ability check. This trait doesn't function if the mastermind is grappling creatures in both of its clockwork claws."
					]
				}
			],
			"action": [
				{
					"name": "Multiattack",
					"entries": [
						"The mastermind makes two Clockwork Claw attacks. The mastermind can replace one of these attacks with Generate Gadget if it's available."
					]
				},
				{
					"name": "Clockwork Claw",
					"entries": [
						"{@atk mw} {@hit 7} to hit, reach 20 ft., one target. {@h}11 ({@damage 2d6 + 4}) piercing damage, and if the target is a Medium or smaller creature, the target is {@condition grappled} (escape {@dc 15}). Until this grapple ends, the target takes 10 ({@damage 3d6}) piercing damage at the start of each of the mastermind's turns. The mastermind has two claws, each of which can grapple only one target."
					]
				},
				{
					"name": "Generate Gadget {@recharge 5}",
					"entries": [
						"The mastermind quickly assembles a clockwork gadget, producing one of the following effects (the mastermind's choice):"
					]
				},
				{
					"name": "Chattergrab",
					"entries": [
						"Parts of this gadget look like gnashing metal teeth. This gadget hurtles toward a creature the mastermind can see within 60 feet of itself. The creature must succeed on a {@dc 16} Dexterity saving throw or take 31 ({@damage 7d8}) piercing damage and be {@condition incapacitated} until the start of the mastermind's next turn."
					]
				},
				{
					"name": "Phasmoball",
					"entries": [
						"The mastermind launches this gadget to a point the mastermind can see within 30 feet of itself, where the gadget unleashes a cloud of mind-warping gases in a 10-foot-radius sphere. Each creature within the sphere must succeed on a {@dc 16} Wisdom saving throw or take 11 ({@damage 2d10}) psychic damage and be {@condition frightened} of the mastermind until the start of the mastermind's next turn."
					]
				},
				{
					"name": "Thunderscream",
					"entries": [
						"This gadget emits a screeching wave of sound in a 30-foot cone originating from the mastermind. Each creature in that area must make a {@dc 16} Constitution saving throw, taking 21 ({@damage 6d6}) thunder damage on a failed save or half as much damage on a successful one."
					]
				}
			],
			"traitTags": [
				"Spider Climb"
			],
			"senseTags": [
				"D"
			],
			"actionTags": [
				"Multiattack"
			],
			"languageTags": [
				"C",
				"G"
			],
			"damageTags": [
				"P",
				"T",
				"Y"
			],
			"miscTags": [
				"AOE",
				"MW",
				"RCH"
			],
			"conditionInflict": [
				"frightened",
				"grappled",
				"incapacitated"
			],
			"hasToken": true,
			"hasFluff": true,
			"hasFluffImages": true
		},
		{
			"name": "Thanoi Hunter",
			"source": "MCV2DC",
			"page": 12,
			"size": [
				"M"
			],
			"type": "monstrosity",
			"alignment": [
				"A"
			],
			"ac": [
				{
					"ac": 14,
					"from": [
						"{@item hide armor|PHB}"
					]
				}
			],
			"hp": {
				"average": 32,
				"formula": "5d8 + 10"
			},
			"speed": {
				"walk": 30,
				"swim": 30
			},
			"str": 18,
			"dex": 14,
			"con": 15,
			"int": 12,
			"wis": 16,
			"cha": 11,
			"save": {
				"str": "+6",
				"con": "+4"
			},
			"skill": {
				"athletics": "+6",
				"perception": "+5",
				"survival": "+5"
			},
			"passive": 15,
			"immune": [
				"cold"
			],
			"languages": [
				"Aquan",
				"Common"
			],
			"cr": "1",
			"trait": [
				{
					"name": "Hold Breath",
					"entries": [
						"The hunter can hold its breath for up to 10 minutes."
					]
				},
				{
					"name": "Pack Tactics",
					"entries": [
						"The hunter has advantage on an attack roll against a creature if at least one of the hunter's allies is within 5 feet of the creature and the ally isn't {@condition incapacitated}."
					]
				}
			],
			"action": [
				{
					"name": "Multiattack",
					"entries": [
						"The hunter makes one Bone Harpoon attack and one Tusk attack."
					]
				},
				{
					"name": "Bone Harpoon",
					"entries": [
						"{@atk mw,rw} {@hit 6} to hit, reach 10 ft. or range 20/60 ft., one target. {@h}8 ({@damage 1d8 + 4}) piercing damage. Hit or Miss: The harpoon returns to the hunter's hand."
					]
				},
				{
					"name": "Tusk",
					"entries": [
						"{@atk mw} {@hit 6} to hit, reach 5 ft., one target. {@h}6 ({@damage 1d4 + 4}) slashing damage."
					]
				}
			],
			"traitTags": [
				"Hold Breath",
				"Pack Tactics"
			],
			"actionTags": [
				"Multiattack"
			],
			"languageTags": [
				"AQ",
				"C"
			],
			"damageTags": [
				"P",
				"S"
			],
			"miscTags": [
				"MW",
				"RCH",
				"RW"
			],
			"hasToken": true,
			"hasFluff": true,
			"hasFluffImages": true
		},
		{
			"name": "Traag Draconian",
			"source": "MCV2DC",
			"page": 13,
			"size": [
				"L"
			],
			"type": "monstrosity",
			"alignment": [
				"C",
				"E"
			],
			"alignmentPrefix": "typically ",
			"ac": [
				{
					"ac": 14,
					"from": [
						"natural armor"
					]
				}
			],
			"hp": {
				"average": 68,
				"formula": "8d10 + 24"
			},
			"speed": {
				"walk": 40
			},
			"str": 21,
			"dex": 10,
			"con": 17,
			"int": 6,
			"wis": 8,
			"cha": 9,
			"save": {
				"str": "+8",
				"con": "+6"
			},
			"senses": [
				"darkvision 60 ft."
			],
			"passive": 9,
			"conditionImmune": [
				"charmed",
				"frightened"
			],
			"languages": [
				"Common",
				"Draconic"
			],
			"cr": "5",
			"trait": [
				{
					"name": "Blood Frenzy",
					"entries": [
						"The draconian has advantage on melee attack rolls against any creature that doesn't have all its hit points."
					]
				},
				{
					"name": "Controlled Fall",
					"entries": [
						"If the draconian falls and isn't {@condition incapacitated}, it subtracts up to 50 feet from the fall when calculating the fall's damage."
					]
				},
				{
					"name": "Death Throes",
					"entries": [
						"If the draconian is reduced to 0 hit points, its body erupts into sludge that fills a 10-foot-radius sphere. Each creature within that area must succeed on a {@dc 14} Dexterity saving throw or be covered in the sludge for 1 minute. While covered in the sludge, a creature's speed is halved. A creature can use its action to scrape the sludge off itself or another creature within 5 feet of itself."
					]
				}
			],
			"action": [
				{
					"name": "Multiattack",
					"entries": [
						"The draconian makes two Claw attacks."
					]
				},
				{
					"name": "Claw",
					"entries": [
						"{@atk mw} {@hit 8} to hit, reach 10 ft., one target. {@h}14 ({@damage 2d8 + 5}) slashing damage."
					]
				},
				{
					"name": "Flaming Carnage {@recharge 5}",
					"entries": [
						"The draconian indulges its rage, wreathing itself in fire and moving up to its speed. The draconian can enter creatures' spaces during this move. During this movement, when the draconian enters a creature's space, the creature must make a {@dc 14} Dexterity saving throw. On a failed save, the creature takes 22 ({@damage 4d10}) fire damage and is knocked {@condition prone}. On a successful save, the creature takes half as much damage and is pushed to the nearest space out of the draconian's path. A creature can be affected by this draconian's Flaming Carnage only once during a turn."
					]
				}
			],
			"reaction": [
				{
					"name": "Violent Retaliation",
					"entries": [
						"If a creature within 10 feet of the draconian hits it with an attack, the draconian can make one Claw attack against that creature. If the Claw attack hits, it deals an additional 4 ({@damage 1d8}) slashing damage."
					]
				}
			],
			"traitTags": [
				"Death Burst"
			],
			"senseTags": [
				"D"
			],
			"actionTags": [
				"Multiattack"
			],
			"languageTags": [
				"C",
				"DR"
			],
			"damageTags": [
				"F",
				"S"
			],
			"miscTags": [
				"AOE",
				"MW",
				"RCH"
			],
			"conditionInflict": [
				"prone"
			],
			"hasToken": true,
			"hasFluff": true,
			"hasFluffImages": true
		},
		{
			"name": "Verminaard",
			"isNamedCreature": true,
			"source": "MCV2DC",
			"page": 15,
			"size": [
				"M"
			],
			"type": {
				"type": "humanoid",
				"tags": [
					"cleric",
					"human"
				]
			},
			"alignment": [
				"L",
				"E"
			],
			"ac": [
				{
					"ac": 20,
					"from": [
						"{@item +2 plate armor}"
					]
				}
			],
			"hp": {
				"average": 143,
				"formula": "22d8 + 44"
			},
			"speed": {
				"walk": 30
			},
			"str": 22,
			"dex": 13,
			"con": 15,
			"int": 16,
			"wis": 18,
			"cha": 17,
			"save": {
				"wis": "+10",
				"cha": "+9"
			},
			"skill": {
				"perception": "+16",
				"religion": "+9"
			},
			"senses": [
				"darkvision 60 ft."
			],
			"passive": 26,
			"immune": [
				"fire"
			],
			"conditionImmune": [
				"charmed",
				"frightened"
			],
			"languages": [
				"Abyssal",
				"Common",
				"Draconic"
			],
			"cr": "17",
			"spellcasting": [
				{
					"name": "Spellcasting",
					"headerEntries": [
						"Verminaard casts one of the following spells, requiring no material components and using Wisdom as the spellcasting ability (spell save {@dc 18}):"
					],
					"will": [
						"{@spell light}",
						"{@spell thaumaturgy}"
					],
					"daily": {
						"2e": [
							"{@spell bane}",
							"{@spell fear}",
							"{@spell freedom of movement}",
							"{@spell greater restoration}",
							"{@spell hold monster}",
							"{@spell revivify}"
						]
					},
					"ability": "wis",
					"displayAs": "action"
				}
			],
			"trait": [
				{
					"name": "Draconic Command",
					"entries": [
						"Whenever a Dragon or a creature with the Draconic Devotion trait within 30 feet of Verminaard makes an attack roll, the creature can roll a {@dice d4} and add the number rolled to the attack roll."
					]
				},
				{
					"name": "Legendary Resistance (3/Day)",
					"entries": [
						"If Verminaard fails a saving throw, he can choose to succeed instead."
					]
				},
				{
					"name": "Special Equipment",
					"entries": [
						"Verminaard wears {@item +2 plate armor} and wields the mace {@item Nightbringer|MCV2DC}, which grants him darkvision as well as immunity to fire damage and to the {@condition charmed} and {@condition frightened} conditions (included above)."
					]
				}
			],
			"action": [
				{
					"name": "Multiattack",
					"entries": [
						"Verminaard makes two Nightbringer attacks and uses Malediction."
					]
				},
				{
					"name": "Nightbringer",
					"entries": [
						"{@atk mw} {@hit 15} to hit, reach 5 ft., one target. {@h}12 ({@damage 1d6 + 9}) bludgeoning damage plus 10 ({@damage 4d4}) radiant damage. If the target is a creature, the target must succeed on a {@dc 20} Constitution saving throw or be {@condition blinded} until the start of Verminaard's next turn."
					]
				},
				{
					"name": "Malediction",
					"entries": [
						"Verminaard utters an unholy word, causing profane fire to descend on one creature Verminaard can see within 60 feet of himself. The creature must make a {@dc 18} Dexterity saving throw, taking 11 ({@damage 2d10}) necrotic damage plus 11 ({@damage 2d10}) radiant damage on a failed save or half as much damage on a successful one."
					]
				}
			],
			"bonus": [
				{
					"name": "Dragon Queen's Favor (5/Day)",
					"entries": [
						"Verminaard or one creature he can see within 60 feet of himself magically regains 17 ({@dice 2d12 + 4}) hit points."
					]
				}
			],
			"legendary": [
				{
					"name": "Tactical Movement",
					"entries": [
						"Verminaard moves up to his speed or commands a mount he is riding to move up to its speed. This movement doesn't provoke opportunity attacks."
					]
				},
				{
					"name": "Fervent Strike (Costs 2 Actions)",
					"entries": [
						"Verminaard makes one Nightbringer attack. If this attack hits, it deals an additional 7 ({@damage 2d6}) bludgeoning damage."
					]
				},
				{
					"name": "Cast a Spell (Costs 3 Actions)",
					"entries": [
						"Verminaard uses Spellcasting."
					]
				}
			],
			"traitTags": [
				"Legendary Resistances"
			],
			"senseTags": [
				"D"
			],
			"actionTags": [
				"Multiattack"
			],
			"languageTags": [
				"AB",
				"C",
				"DR"
			],
			"damageTags": [
				"B",
				"N",
				"R"
			],
			"spellcastingTags": [
				"O"
			],
			"miscTags": [
				"MW"
			],
			"conditionInflict": [
				"blinded"
			],
			"conditionInflictSpell": [
				"frightened",
				"paralyzed"
			],
			"hasToken": true,
			"hasFluff": true,
			"hasFluffImages": true
		}
	]
}
