{
	"_meta": {
		"internalCopies": [
			"monsterFluff"
		]
	},
	"monsterFluff": [
		{
			"name": "Aegisaur",
			"source": "PSX",
			"entries": [
				"For dinosaurs without the prominent horns of the cera topses, armored plating and deadly tails are an effective defense against predators.",
				"An aegisaur's back is covered with thick, armored scales that resemble a turtle's shell, while its tail is tipped with a massive bony club that can smash an ag gressor's skull."
			],
			"images": [
				{
					"type": "image",
					"href": {
						"type": "internal",
						"path": "bestiary/PSX/Aegisaur.webp"
					}
				}
			]
		},
		{
			"name": "Aerosaur (Large)",
			"source": "PSX",
			"_copy": {
				"name": "Aerosaur (Small)",
				"source": "PSX"
			}
		},
		{
			"name": "Aerosaur (Small)",
			"source": "PSX",
			"entries": [
				"Aerosaurs include several varieties of large reptiles with leathery wings, including pterodons and sunwings. Though they are generally clumsy fliers, better at gliding from high perches or riding coastal updrafts than at lifting themselves from the ground, aerosaurs are sometimes used as mounts by knights of the Sun Empire."
			],
			"images": [
				{
					"type": "image",
					"href": {
						"type": "internal",
						"path": "bestiary/PSX/Aerosaur.webp"
					}
				}
			]
		},
		{
			"name": "Air Totem Elemental",
			"source": "PSX",
			"_copy": {
				"name": "Totem Elemental",
				"source": "PSX"
			},
			"images": [
				{
					"type": "image",
					"href": {
						"type": "internal",
						"path": "bestiary/PSX/Air Totem Elemental.webp"
					}
				}
			]
		},
		{
			"name": "Armasaur",
			"source": "PSX",
			"entries": [
				"Armasaurs also have plates on their backs, but these rise up like spikes along their spines. Their whiplike tails bear sharp spikes for protection."
			],
			"images": [
				{
					"type": "image",
					"href": {
						"type": "internal",
						"path": "bestiary/PSX/Armasaur.webp"
					}
				}
			]
		},
		{
			"name": "Awakened Shrub Totem Elemental",
			"source": "PSX",
			"_copy": {
				"name": "Totem Elemental",
				"source": "PSX"
			}
		},
		{
			"name": "Blight Totem Elemental",
			"source": "PSX",
			"_copy": {
				"name": "Totem Elemental",
				"source": "PSX"
			}
		},
		{
			"name": "Brontodon",
			"source": "PSX",
			"entries": [
				"The largest of the dinosaurs are huge, long-necked herbi vores that feed on the leaves of tall trees. The enormous size of these dinosaurs means that a single beast\u2014often a young, old, or injured one that becomes separated from the herd\u2014can feed a whole pack of smaller preda tors. The magnificent altisaurs wander across the plains and through the sparse forests of the Sun Coast, grazing on the tops of trees. Brontodons travel in herds, causing the ground to thunder beneath their tremendous weight when they build up speed."
			],
			"images": [
				{
					"type": "image",
					"href": {
						"type": "internal",
						"path": "bestiary/PSX/Brontodon.webp"
					}
				}
			]
		},
		{
			"name": "Ceratops",
			"source": "PSX",
			"entries": [
				"Many smaller herbivores are found on the plains of Ix alan. Rather than depending on size for defense, these dinosaurs are protected by plated scales, sharp horns, or spiked tails. Most are aggressively proactive in chas ing off predators even before they are attacked, and the people of the Sun Empire find these creatures among the hardest dinosaurs to control.",
				"Ceratopses sport enormous horns on and around the large, feathered frills that protect their necks. The re lated snubhorns lack the sharp pointed horns of their cousins. Despite their surly temper, ceratopses make excellent mounts."
			],
			"images": [
				{
					"type": "image",
					"href": {
						"type": "internal",
						"path": "bestiary/PSX/Ceratops.webp"
					}
				}
			]
		},
		{
			"name": "Chupacabra",
			"source": "PSX",
			"entries": [
				"Indescribable creatures of nightmare lurk in the ruins and dark places of Ixalan. Many are thought to be the corrupted remnants of the life energy and brilliant light left behind in places the Sun Empire has abandoned. Such creatures include a monster that lurks in the darkness of the jungle and feeds on the blood of mammals and dinosaurs, called the chupacabra. It is stealthy and elusive, known more by the blood-drained prey it leaves behind than by actual physical sightings."
			],
			"images": [
				{
					"type": "image",
					"href": {
						"type": "internal",
						"path": "bestiary/PSX/Chupacabra.webp"
					}
				}
			]
		},
		{
			"name": "Coatl",
			"source": "PSX",
			"entries": [
				"The River Heralds believe that the waters of the world are divided into two spheres: the river and the sea are the lower half, with the jungle and the sky above. They believe that the sea possesses an unfathomable wisdom, the deep musings of the unspeakably ancient world. But the wisdom of the sky and the rivers is embodied in the coatls\u2014winged serpents that twist through the air to reflect the course of rivers along the ground.",
				"Coatls are immortal guardians of the sky, dwelling always among the clouds. The River Heralds say that they can be enticed to the ground by the earnest supplication of the wisest of merfolk shamans. Coatls are said to be wise beyond mortal measure and incapable of speaking a falsehood, so their advice is often sought in times of desperate need. The sight of a coatl is thought to foretell favorable winds\u2014a belief that has begun to spread from the River Herald shamans to the pirates of the Brazen Coalition."
			],
			"images": [
				{
					"type": "image",
					"href": {
						"type": "internal",
						"path": "bestiary/PSX/Coatl.webp"
					}
				}
			]
		},
		{
			"name": "Deinonychus",
			"source": "PSX",
			"entries": [
				"The most feared dinosaurs are the aggressive bipedal predators that hunt other dinosaurs\u2014none of which are averse to feeding on humanoids when they can. Despite their ferocity, flesh-eaters make excellent mounts, since they do not balk or shy away from combat. These dinosaurs include a huge variety of raptors, ranging from dog-sized creatures that hunt in packs to monsters large enough to carry an armored knight into battle."
			],
			"images": [
				{
					"type": "image",
					"href": {
						"type": "internal",
						"path": "bestiary/PSX/Deinonychus.webp"
					}
				}
			]
		},
		{
			"name": "Demon",
			"source": "PSX",
			"entries": [
				"Resembling twisted bats, the demons of Ixalan are the spawn of a bat-god, the source of all darkness. While the sun's aspects include destruction as well as creation and growth, the demons represent stagnation and decay. The sun consumes in glorious fire; demons work through rot and degeneration. They are said to be active at night, when the sun is hidden, and their efforts are directed toward preventing the sun from rising again each morning. In the meantime, they spread plague and corruption across the land."
			],
			"images": [
				{
					"type": "image",
					"href": {
						"type": "internal",
						"path": "bestiary/PSX/Demon.webp"
					}
				}
			]
		},
		{
			"name": "Dryad",
			"source": "PSX",
			"entries": [
				"It is said that the only force on Ixalan not interested in finding the golden city is Ixalan itself. Dryads, as incarnations of the land and its will, prove the saying true. Their only concern is the health of the forest: when the trees and ferns are healthy, the dryads flourish. But when the vampires' dusk fog or a demon's unwholesome influence cause the jungle to wither, the dryads suffer. As a result, they are generally friendly with the River Heralds, who live in harmony with nature, and hostile to the Legion of Dusk.",
				"The dryads otherwise have no stake in the conflict between the people of Ixalan and the invaders, but as creatures of life and growth, they hate to see any living being suffer. Thus, they have been known to tend to wounded people left in the jungle to die, sharing their own abundant life energy with those in their care."
			],
			"images": [
				{
					"type": "image",
					"href": {
						"type": "internal",
						"path": "bestiary/PSX/Dryad.webp"
					}
				}
			]
		},
		{
			"name": "Earth Totem Elemental",
			"source": "PSX",
			"_copy": {
				"name": "Totem Elemental",
				"source": "PSX"
			}
		},
		{
			"name": "Elder Dinosaur",
			"source": "PSX",
			"entries": [
				"The opening of Orazca, the golden city\u2014which marks the turn between the Ixalan set and Rivals of Ixalan\u2014reveals the existence of six huge and ancient elder dinosaurs, apparently preserved for centuries. Compared to their smaller cousins, they have less brightly-colored plumage and more grayish scales, but their feathers are a bright gold that matches the city around them. They are strong-willed and ferocious, and thus are hard to control. But the power of the Immortal Sun gives the Sun Empire warriors who wield it the ability to bring these elder dinosaurs under their command."
			],
			"images": [
				{
					"type": "image",
					"href": {
						"type": "internal",
						"path": "bestiary/PSX/Elder Dinosaur.webp"
					}
				}
			]
		},
		{
			"name": "Elder Dinosaur (Etali, Primal Storm)",
			"source": "PSX",
			"_copy": {
				"name": "Elder Dinosaur",
				"source": "PSX"
			},
			"images": [
				{
					"type": "image",
					"href": {
						"type": "internal",
						"path": "bestiary/PSX/Elder Dinosaur (Etali, Primal Storm).webp"
					}
				}
			]
		},
		{
			"name": "Elder Dinosaur (Ghalta, Primal Hunger)",
			"source": "PSX",
			"_copy": {
				"name": "Elder Dinosaur",
				"source": "PSX"
			},
			"images": [
				{
					"type": "image",
					"href": {
						"type": "internal",
						"path": "bestiary/PSX/Elder Dinosaur (Ghalta, Primal Hunger).webp"
					}
				}
			]
		},
		{
			"name": "Elder Dinosaur (Nezahal, Primal Tide)",
			"source": "PSX",
			"_copy": {
				"name": "Elder Dinosaur",
				"source": "PSX"
			},
			"images": [
				{
					"type": "image",
					"href": {
						"type": "internal",
						"path": "bestiary/PSX/Elder Dinosaur (Nezahal, Primal Tide).webp"
					}
				}
			]
		},
		{
			"name": "Elder Dinosaur (Tetzimoc, Primal Death)",
			"source": "PSX",
			"_copy": {
				"name": "Elder Dinosaur",
				"source": "PSX"
			},
			"images": [
				{
					"type": "image",
					"href": {
						"type": "internal",
						"path": "bestiary/PSX/Elder Dinosaur (Tetzimoc, Primal Death).webp"
					}
				}
			]
		},
		{
			"name": "Elder Dinosaur (Zacama, Primal Calamity)",
			"source": "PSX",
			"_copy": {
				"name": "Elder Dinosaur",
				"source": "PSX"
			},
			"images": [
				{
					"type": "image",
					"href": {
						"type": "internal",
						"path": "bestiary/PSX/Elder Dinosaur (Zacama, Primal Calamity).webp"
					}
				}
			]
		},
		{
			"name": "Elder Dinosaur (Zetalpa, Primal Dawn)",
			"source": "PSX",
			"_copy": {
				"name": "Elder Dinosaur",
				"source": "PSX"
			},
			"images": [
				{
					"type": "image",
					"href": {
						"type": "internal",
						"path": "bestiary/PSX/Elder Dinosaur (Zetalpa, Primal Dawn).webp"
					}
				}
			]
		},
		{
			"name": "Ferocidon",
			"source": "PSX",
			"entries": [
				"Ferocidons are particularly vicious relatives of raptors, specialized to take down much larger prey."
			]
		},
		{
			"name": "Fire Guardian",
			"source": "PSX",
			"_copy": {
				"name": "Totem Elemental",
				"source": "PSX"
			}
		},
		{
			"name": "Frilled Deathspitter",
			"source": "PSX",
			"entries": [
				"The dinosaurs aptly known as deathspitters can spit venom to blind their prey before closing in for the kill."
			],
			"images": [
				{
					"type": "image",
					"href": {
						"type": "internal",
						"path": "bestiary/PSX/Frilled Deathspitter.webp"
					}
				}
			]
		},
		{
			"name": "Gishath, Sun's Avatar",
			"source": "PSX",
			"_copy": {
				"name": "Elder Dinosaur",
				"source": "PSX"
			},
			"images": [
				{
					"type": "image",
					"href": {
						"type": "internal",
						"path": "bestiary/PSX/Gishath, Sun's Avatar.webp"
					}
				}
			]
		},
		{
			"name": "Griffin",
			"source": "PSX",
			"entries": [
				"Colorful griffins combine the heads and plumage of jungle parrots with the sleek bodies of jaguars. They are intelligent and noble, and they share the River Heralds' desire to ensure that the power of the Immortal Sun is never again unleashed on the world."
			],
			"images": [
				{
					"type": "image",
					"href": {
						"type": "internal",
						"path": "bestiary/PSX/Griffin.webp"
					}
				}
			]
		},
		{
			"name": "Hadrosaur",
			"source": "PSX",
			"entries": [
				"Some herbivores rely on speed, stealth, or numbers to aid their chances of survival. The Hadrosaur is a good example of such creatures."
			]
		},
		{
			"name": "Hammerskull",
			"source": "PSX",
			"entries": [
				"Even lacking horns or spikes, hammerskulls can protect themselves with their thickly plated heads."
			],
			"images": [
				{
					"type": "image",
					"href": {
						"type": "internal",
						"path": "bestiary/PSX/Hammerskull.webp"
					}
				}
			]
		},
		{
			"name": "Harpy",
			"source": "PSX",
			"entries": [
				"Harpies are the mortal servants of demons, and they resemble them in their general features. Their faces are like those of owls, and they have large, feathered wings that suggest their corrupt connection to the Sun Empire\u2014or perhaps their heritage as sirens who were corrupted by the evil of the demons. Utterly nasty in temperament, harpies inhabit many of the islands in both the Stormwreck Sea and the Inner Sea, and dwell on high cliffs on the mainland of Ixalan. Their filthy bodies carry disease that they can spread through their bite."
			],
			"images": [
				{
					"type": "image",
					"href": {
						"type": "internal",
						"path": "bestiary/PSX/Harpy.webp"
					}
				}
			]
		},
		{
			"name": "Horned Frog",
			"source": "PSX",
			"entries": [
				"Frogs are more commonly heard than seen in Ixalan, joining their voices to the vivid soundscape of the jungle. They range from tiny poisonous tree frogs found in the branches of tall trees to huge horned frogs that lurk in marshy areas."
			]
		},
		{
			"name": "Macaw",
			"source": "PSX",
			"entries": [
				"A wide variety of native birds are found throughout Ixalan, singing complex songs that contribute to the chorus of sounds within the jungle. Hummingbirds are sometimes poetically described as embodiments of freedom and the pursuit of pleasure. Large macaws and parrots make their homes in the trees and can often be found gathering over clay licks along riverbeds and the sea coast. The wily birds enjoy toying with people from the trees, with many of them calling out in imitation of humanoid voices to lead pirates and other explorers astray."
			]
		},
		{
			"name": "Parrot",
			"source": "PSX",
			"_copy": {
				"name": "Macaw",
				"source": "PSX"
			}
		},
		{
			"name": "Piranha",
			"source": "PSX",
			"entries": [
				"The waters of the Great River and all its tributaries are home to fish that serve as one of the most important food sources for other animals in the forest. These include large predatory fish, as well as churning swarms of small biting fish such as piranhas."
			]
		},
		{
			"name": "Sailback",
			"source": "PSX",
			"entries": [
				"Sailbacks are predators that lurk in lakes and rivers to ambush unwary prey."
			],
			"images": [
				{
					"type": "image",
					"href": {
						"type": "internal",
						"path": "bestiary/PSX/Sailback.webp"
					}
				}
			]
		},
		{
			"name": "Shambling Mound Totem Elemental",
			"source": "PSX",
			"_copy": {
				"name": "Totem Elemental",
				"source": "PSX"
			}
		},
		{
			"name": "Stone Guardian (Animated Armor)",
			"source": "PSX",
			"entries": [
				"Through the years in which the Sun Empire was ruled from Orazca, its priests crafted huge stone guardians to protect the empire's cities and temples. The incredible magic of the Immortal Sun gave a semblance of life to these artificial creatures, endowing them with the ability to move their stone bodies, a keen awareness of their surroundings, and a limited ability to think and reason in order to help them carry out their orders. These stone guardians were tasked with standing watch\u2014constantly alert, vigilant to any danger, never sleeping, and unswerving in their duty.",
				"Most stone guardians are inactive now. In ancient ruins lying far from the old capital, the magic that gave them life has faded over the centuries. Even within the golden city, many of them have become inert, and those who seek to explore Orazca or other ancient ruins must be on constant guard. Any carved figure or statue might well be a stone guardian whose magic has failed. But it might also be a guardian that is simply waiting for a threat before it activates and drives that threat away."
			],
			"images": [
				{
					"type": "image",
					"href": {
						"type": "internal",
						"path": "bestiary/PSX/Stone Guardian.webp"
					}
				}
			]
		},
		{
			"name": "Stone Guardian (Helmed Horror)",
			"source": "PSX",
			"_copy": {
				"name": "Stone Guardian (Animated Armor)",
				"source": "PSX"
			}
		},
		{
			"name": "Stone Guardian (Shield Guardian)",
			"source": "PSX",
			"_copy": {
				"name": "Stone Guardian (Animated Armor)",
				"source": "PSX"
			}
		},
		{
			"name": "Stone Guardian (Stone Golem)",
			"source": "PSX",
			"_copy": {
				"name": "Stone Guardian (Animated Armor)",
				"source": "PSX"
			}
		},
		{
			"name": "Sunbird",
			"source": "PSX",
			"entries": [
				"The people of the Sun Empire revere certain dinosaurs as incarnations of the Threefold Sun. But the fiery phoenixes, also called sunbirds, are thought to be messengers of Tilonalli, embodying the destructive aspect of the sun but also the rebirth that follows. Legends hold that somewhere within the mountains sleeps Xuatl\u2014a scaled bird formed from the sun's fire. Xuatl molts its skin and feathers during the summer months, often setting the trees and slopes ablaze."
			],
			"images": [
				{
					"type": "image",
					"href": {
						"type": "internal",
						"path": "bestiary/PSX/Sunbird.webp"
					}
				}
			]
		},
		{
			"name": "Swarm of Piranhas",
			"source": "PSX",
			"_copy": {
				"name": "Piranha",
				"source": "PSX"
			}
		},
		{
			"name": "Totem Elemental",
			"source": "PSX",
			"entries": [
				"Elementals are an even more primal embodiment of natural forces. They are living beings of raw natural energy, but magic can shape and bind them into physical forms composed of wind, water, fire, or the verdant growth of the forest. The River Heralds construct jade totems that hold elementals in stasis until activated by trespassers. When a totem opens, the elemental's physical form comes together, and the intruders are quickly dispatched.",
				"River Heralds also make use of elementals formed of air, water, or vegetation. In ancient times when folk of the River Heralds and the Sun Empire worked together, they harnessed fire elementals into guardians that still keep watch over certain forgotten ruins."
			]
		},
		{
			"name": "Treant Totem Elemental",
			"source": "PSX",
			"_copy": {
				"name": "Totem Elemental",
				"source": "PSX"
			}
		},
		{
			"name": "Trilobite",
			"source": "PSX",
			"entries": [
				"On the beaches and banks of the rivers and seas, crabs scuttle across the sand and birds wade in the shallow water. Trilobites are among the most common shore-dwellers, including predatory varieties as well as scavengers and filter-feeders consuming scraps they find in the sand."
			]
		},
		{
			"name": "Trilobite (Giant)",
			"source": "PSX",
			"_copy": {
				"name": "Trilobite",
				"source": "PSX"
			}
		},
		{
			"name": "Tyrant",
			"source": "PSX",
			"entries": [
				"Ixalan's largest predators comprise a family of dinosaurs with large heads, blade-like teeth, and short, almost vestigial front legs. These terrifying creatures bear names like monstrosaurs, dreadmaws, swordtooths, regisaurs, and tyrants, and their roars inspire terror in those who hear them. Most of these dinosaurs are solitary hunters, but regisaurs in particular are known for hunting in small packs."
			],
			"images": [
				{
					"type": "image",
					"href": {
						"type": "internal",
						"path": "bestiary/PSX/Tyrant.webp"
					}
				}
			]
		},
		{
			"name": "Velociraptor",
			"source": "PSX",
			"_copy": {
				"name": "Deinonychus",
				"source": "PSX"
			}
		},
		{
			"name": "Water Totem Elemental",
			"source": "PSX",
			"_copy": {
				"name": "Totem Elemental",
				"source": "PSX"
			}
		}
	]
}
