{
	"spell": [
		{
			"name": "Borrowed Knowledge",
			"source": "SCC",
			"page": 37,
			"level": 2,
			"school": "D",
			"time": [
				{
					"number": 1,
					"unit": "action"
				}
			],
			"range": {
				"type": "point",
				"distance": {
					"type": "self"
				}
			},
			"components": {
				"v": true,
				"s": true,
				"m": {
					"text": "a book worth at least 25 gp",
					"cost": 2500
				}
			},
			"duration": [
				{
					"type": "timed",
					"duration": {
						"type": "hour",
						"amount": 1
					}
				}
			],
			"entries": [
				"You draw on knowledge from spirits of the past. Choose one skill in which you lack proficiency. For the spell's duration, you have proficiency in the chosen skill. The spell ends early if you cast it again."
			]
		},
		{
			"name": "Kinetic Jaunt",
			"source": "SCC",
			"page": 37,
			"level": 2,
			"school": "T",
			"time": [
				{
					"number": 1,
					"unit": "bonus"
				}
			],
			"range": {
				"type": "point",
				"distance": {
					"type": "self"
				}
			},
			"components": {
				"s": true
			},
			"duration": [
				{
					"type": "timed",
					"duration": {
						"type": "minute",
						"amount": 1
					},
					"concentration": true
				}
			],
			"entries": [
				"You magically empower your movement with dance-like steps, giving yourself the following benefits for the duration.",
				{
					"type": "list",
					"items": [
						"Your walking speed increases by 10 feet.",
						"You don't provoke opportunity attacks.",
						"You can move through the space of another creature, and it doesn't count as {@quickref difficult terrain||3}. If you end your turn in another creature's space, you are shunted to the last unoccupied space you occupied, and you take {@damage 1d8} force damage."
					]
				}
			],
			"damageInflict": [
				"force"
			]
		},
		{
			"name": "Silvery Barbs",
			"source": "SCC",
			"page": 38,
			"level": 1,
			"school": "E",
			"time": [
				{
					"number": 1,
					"unit": "reaction",
					"condition": "which you take when a creature you can see within 60 feet of yourself succeeds on an attack roll, an ability check, or a saving throw"
				}
			],
			"range": {
				"type": "point",
				"distance": {
					"type": "feet",
					"amount": 60
				}
			},
			"components": {
				"v": true
			},
			"duration": [
				{
					"type": "instant"
				}
			],
			"entries": [
				"You magically distract the triggering creature and turn its momentary uncertainty into encouragement for another creature. The triggering creature must reroll the {@dice d20} and use the lower roll.",
				"You can then choose a different creature you can see within range (you can choose yourself). The chosen creature has advantage on the next attack roll, ability check, or saving throw it makes within 1 minute. A creature can be empowered by only one use of this spell at a time."
			],
			"miscTags": [
				"SGT"
			],
			"areaTags": [
				"ST"
			]
		},
		{
			"name": "Vortex Warp",
			"source": "SCC",
			"page": 38,
			"level": 2,
			"school": "C",
			"time": [
				{
					"number": 1,
					"unit": "action"
				}
			],
			"range": {
				"type": "point",
				"distance": {
					"type": "feet",
					"amount": 90
				}
			},
			"components": {
				"v": true,
				"s": true
			},
			"duration": [
				{
					"type": "instant"
				}
			],
			"entries": [
				"You magically twist space around another creature you can see within range. The target must succeed on a Constitution saving throw (the target can choose to fail), or the target is teleported to an unoccupied space of your choice that you can see within range. The chosen space must be on a surface or in a liquid that can support the target without the target having to squeeze."
			],
			"entriesHigherLevel": [
				{
					"type": "entries",
					"name": "At Higher Levels",
					"entries": [
						"When you cast this spell using a spell slot of 3rd level or higher, the range of the spell increases by 30 feet for each slot level above 2nd."
					]
				}
			],
			"savingThrow": [
				"constitution"
			],
			"miscTags": [
				"SGT",
				"TP"
			]
		},
		{
			"name": "Wither and Bloom",
			"source": "SCC",
			"page": 38,
			"level": 2,
			"school": "N",
			"time": [
				{
					"number": 1,
					"unit": "action"
				}
			],
			"range": {
				"type": "point",
				"distance": {
					"type": "feet",
					"amount": 60
				}
			},
			"components": {
				"v": true,
				"s": true,
				"m": "a withered vine twisted into a loop"
			},
			"duration": [
				{
					"type": "instant"
				}
			],
			"entries": [
				"You invoke both death and life upon a 10-foot-radius sphere centered on a point within range. Each creature of your choice in that area must make a Constitution saving throw, taking {@damage 2d6} necrotic damage on a failed save, or half as much damage on a successful one. Nonmagical vegetation in that area withers.",
				"In addition, one creature of your choice in that area can spend and roll one of its unspent Hit Dice and regain a number of hit points equal to the roll plus your spellcasting ability modifier."
			],
			"entriesHigherLevel": [
				{
					"type": "entries",
					"name": "At Higher Levels",
					"entries": [
						"When you cast this spell using a spell slot of 3rd level or higher, the damage increases by {@scaledamage 2d6|2-9|1d6} for each slot above the 2nd, and the number of Hit Dice that can be spent and added to the healing roll increases by one for each slot above 2nd."
					]
				}
			],
			"damageInflict": [
				"necrotic"
			],
			"savingThrow": [
				"constitution"
			],
			"miscTags": [
				"HL"
			]
		}
	]
}
