{
	"spell": [
		{
			"name": "Cause Fear (UA)",
			"source": "UAStarterSpells",
			"page": 2,
			"level": 1,
			"school": "N",
			"time": [
				{
					"number": 1,
					"unit": "action"
				}
			],
			"range": {
				"type": "point",
				"distance": {
					"type": "feet",
					"amount": 60
				}
			},
			"components": {
				"v": true,
				"s": true
			},
			"duration": [
				{
					"type": "timed",
					"duration": {
						"type": "minute",
						"amount": 1
					},
					"concentration": true
				}
			],
			"entries": [
				"You awaken the sense of mortality in one creature you can see within range. The target must succeed on a Wisdom saving throw or become {@condition frightened} for the duration. A target with 25 hit points or fewer makes the saving throw with disadvantage. The spell has no effect on constructs or undead."
			],
			"conditionInflict": [
				"frightened"
			],
			"savingThrow": [
				"wisdom"
			],
			"miscTags": [
				"SGT"
			],
			"areaTags": [
				"ST"
			]
		},
		{
			"name": "Ceremony (UA)",
			"source": "UAStarterSpells",
			"page": 2,
			"level": 1,
			"school": "V",
			"time": [
				{
					"number": 1,
					"unit": "hour"
				}
			],
			"range": {
				"type": "point",
				"distance": {
					"type": "touch"
				}
			},
			"components": {
				"v": true,
				"s": true,
				"m": {
					"text": "25 gp worth of powdered silver",
					"cost": 2500
				}
			},
			"duration": [
				{
					"type": "instant",
					"condition": "see text"
				}
			],
			"meta": {
				"ritual": true
			},
			"entries": [
				"You perform one of several religious ceremonies. When you cast the spell, choose one of the following ceremonies, the target of which must be within 10 feet of you throughout the casting.",
				{
					"type": "entries",
					"name": "Atonement",
					"entries": [
						"You touch one willing creature whose alignment has changed, and you make a DC 20 Wisdom ({@skill Insight}) check. On a success, you restore the target to its original alignment."
					]
				},
				{
					"type": "entries",
					"name": "Bless Water",
					"entries": [
						"You touch one {@item vial|phb} of water and cause it to become {@item Holy Water (flask)|phb|holy water}."
					]
				},
				{
					"type": "entries",
					"name": "Coming of Age",
					"entries": [
						"You touch one humanoid old enough to be a young adult. For the next 24 hours, whenever the target makes an ability check, it can roll a {@dice d4} and add the number rolled to the ability check. A creature can benefit from this ceremony just once."
					]
				},
				{
					"type": "entries",
					"name": "Dedication",
					"entries": [
						"You touch one humanoid who would willingly convert to your religion or who wishes to be dedicated to your god's service. For the next 24 hours, whenever the target makes a saving throw, it can roll a {@dice d4} and add the number rolled to the save. A creature can benefit from this ceremony just once."
					]
				},
				{
					"type": "entries",
					"name": "Funeral Rite",
					"entries": [
						"You bless one corpse within 5 feet of you. For the next 24 hours, the target can't become undead by any means short of a {@spell wish} spell."
					]
				},
				{
					"type": "entries",
					"name": "Investiture",
					"entries": [
						"You touch one willing humanoid. Choose one 1st-level spell you have prepared and expend a spell slot and any material components as if you were casting that spell. The spell has no effect. Instead, the target can cast this spell once without having to expend a spell slot or use material components. If the target doesn't cast the spell within 1 hour, the invested spell is lost."
					]
				},
				{
					"type": "entries",
					"name": "Marriage",
					"entries": [
						"You touch adult humanoids willing to be bonded together in marriage. For the next 24 hours, each target gains a +2 bonus to AC and saving throws while they are within 30 feet of each other. A creature can benefit from this ceremony just once."
					]
				}
			],
			"affectsCreatureType": [
				"humanoid"
			],
			"miscTags": [
				"MAC"
			],
			"areaTags": [
				"ST"
			]
		},
		{
			"name": "Chaos Bolt (UA)",
			"source": "UAStarterSpells",
			"page": 2,
			"level": 1,
			"school": "V",
			"time": [
				{
					"number": 1,
					"unit": "action"
				}
			],
			"range": {
				"type": "point",
				"distance": {
					"type": "feet",
					"amount": 120
				}
			},
			"components": {
				"v": true,
				"s": true
			},
			"duration": [
				{
					"type": "instant"
				}
			],
			"entries": [
				"You hurl an undulating, warbling mass of chaotic energy at one creature in range. Make a ranged spell attack against the target. On a hit, the target takes {@damage 2d8} damage. Choose one of the {@dice d8}s. The number it rolled determines the type of damage, as shown below.",
				{
					"type": "table",
					"caption": "Chaos Bolt",
					"colLabels": [
						"{@dice d8}",
						"Damage Type"
					],
					"colStyles": [
						"col-2 text-center",
						"col-10"
					],
					"rows": [
						[
							{
								"type": "cell",
								"roll": {
									"exact": 1
								}
							},
							"Acid"
						],
						[
							{
								"type": "cell",
								"roll": {
									"exact": 2
								}
							},
							"Cold"
						],
						[
							{
								"type": "cell",
								"roll": {
									"exact": 3
								}
							},
							"Fire"
						],
						[
							{
								"type": "cell",
								"roll": {
									"exact": 4
								}
							},
							"Force"
						],
						[
							{
								"type": "cell",
								"roll": {
									"exact": 5
								}
							},
							"Lightning"
						],
						[
							{
								"type": "cell",
								"roll": {
									"exact": 6
								}
							},
							"Poison"
						],
						[
							{
								"type": "cell",
								"roll": {
									"exact": 7
								}
							},
							"Psychic"
						],
						[
							{
								"type": "cell",
								"roll": {
									"exact": 8
								}
							},
							"Thunder"
						]
					]
				},
				"If you roll the same number on both {@dice d8}s, the chaotic energy leaps from the target to a different creature of your choice within 30 feet of it. Make a new attack roll against the new target, and make a new damage roll, which could cause the chaotic energy to leap again. A creature can be targeted only once by this mass of chaotic energy."
			],
			"entriesHigherLevel": [
				{
					"type": "entries",
					"name": "At Higher Levels",
					"entries": [
						"When you cast this spell using a spell slot of 2nd level or higher, each target takes extra damage of the type rolled. The extra damage equals {@scaledamage 2d8|1-9|1d6} for each slot level above 1st."
					]
				}
			],
			"damageInflict": [
				"acid",
				"cold",
				"fire",
				"force",
				"lightning",
				"poison",
				"psychic",
				"thunder"
			],
			"spellAttack": [
				"R"
			],
			"miscTags": [
				"RO"
			],
			"areaTags": [
				"ST"
			]
		},
		{
			"name": "Guiding Hand (UA)",
			"source": "UAStarterSpells",
			"page": 3,
			"level": 1,
			"school": "D",
			"time": [
				{
					"number": 1,
					"unit": "minute"
				}
			],
			"range": {
				"type": "point",
				"distance": {
					"type": "feet",
					"amount": 5
				}
			},
			"components": {
				"v": true,
				"s": true
			},
			"duration": [
				{
					"type": "timed",
					"duration": {
						"type": "hour",
						"amount": 8
					},
					"concentration": true
				}
			],
			"meta": {
				"ritual": true
			},
			"entries": [
				"You create a Tiny incorporeal hand of shimmering light in an unoccupied space you can see within range. The hand exists for the duration, but it disappears if you teleport or you travel to a different plane of existence.",
				"When the hand appears, you name one major landmark, such as a city, mountain, castle, or battlefield on the same plane of existence as you. Someone in history must have visited the site and mapped it. If the landmark appears on no map in existence, the spell fails. Otherwise, whenever you move toward the hand, it moves away from you at the same speed you moved, and it moves in the direction of the landmark, always remaining 5 feet away from you.",
				"If you don't move toward the hand, it remains in place until you do and beckons for you to follow once every {@dice 1d4} minutes."
			],
			"miscTags": [
				"SGT"
			]
		},
		{
			"name": "Hand of Radiance (UA)",
			"source": "UAStarterSpells",
			"page": 3,
			"level": 0,
			"school": "V",
			"time": [
				{
					"number": 1,
					"unit": "action"
				}
			],
			"range": {
				"type": "radius",
				"distance": {
					"type": "feet",
					"amount": 5
				}
			},
			"components": {
				"v": true,
				"s": true
			},
			"duration": [
				{
					"type": "instant"
				}
			],
			"entries": [
				"You raise your hand, and burning radiance erupts from it. Each creature of your choice that you can see within 5 feet of you must succeed on a Constitution saving throw or take {@damage 1d6} radiant damage.",
				"The spell's damage increases by {@dice 1d6} when you reach 5th level ({@damage 2d6}), 11th level ({@damage 3d6}), and 17th level ({@damage 4d6})."
			],
			"scalingLevelDice": {
				"label": "radiant damage",
				"scaling": {
					"1": "1d6",
					"5": "2d6",
					"11": "3d6",
					"17": "4d6"
				}
			},
			"damageInflict": [
				"radiant"
			],
			"savingThrow": [
				"constitution"
			],
			"miscTags": [
				"SCL",
				"SGT"
			],
			"areaTags": [
				"S"
			]
		},
		{
			"name": "Healing Elixir (UA)",
			"source": "UAStarterSpells",
			"page": 3,
			"level": 1,
			"school": "C",
			"time": [
				{
					"number": 1,
					"unit": "minute"
				}
			],
			"range": {
				"type": "point",
				"distance": {
					"type": "self"
				}
			},
			"components": {
				"v": true,
				"s": true,
				"m": "alchemist's supplies"
			},
			"duration": [
				{
					"type": "timed",
					"duration": {
						"type": "hour",
						"amount": 24
					}
				}
			],
			"entries": [
				"You create a healing elixir in a simple vial that appears in your hand. The elixir retains its potency for the duration or until it's consumed, at which point the vial vanishes.",
				"As an action, a creature can drink the elixir or administer it to another creature. The drinker regains {@dice 2d4 + 2} hit points."
			],
			"miscTags": [
				"HL"
			]
		},
		{
			"name": "Infestation (UA)",
			"source": "UAStarterSpells",
			"page": 3,
			"level": 0,
			"school": "C",
			"time": [
				{
					"number": 1,
					"unit": "action"
				}
			],
			"range": {
				"type": "point",
				"distance": {
					"type": "feet",
					"amount": 30
				}
			},
			"components": {
				"v": true,
				"s": true,
				"m": "a living flea"
			},
			"duration": [
				{
					"type": "instant"
				}
			],
			"entries": [
				"You cause mites, fleas, and other parasites to appear momentarily on one creature you can see within range. The target must succeed on a Constitution saving throw or take {@damage 1d6} piercing damage. If the target takes any of that damage, the target moves 5 feet in a random direction. Roll a {@dice d8} for the direction: 1, north; 2, northeast; 3, east; 4, southeast; 5, south; 6, southwest; 7, west; or 8, northwest.",
				"The spell's damage increases by {@dice 1d6} when you reach 5th level ({@damage 2d6}), 11th level ({@damage 3d6}), and 17th level ({@damage 4d6})."
			],
			"scalingLevelDice": {
				"label": "piercing damage",
				"scaling": {
					"1": "1d6",
					"5": "2d6",
					"11": "3d6",
					"17": "4d6"
				}
			},
			"damageInflict": [
				"piercing"
			],
			"savingThrow": [
				"constitution"
			],
			"miscTags": [
				"SCL",
				"SGT"
			],
			"areaTags": [
				"ST"
			]
		},
		{
			"name": "Primal Savagery (UA)",
			"source": "UAStarterSpells",
			"page": 3,
			"level": 0,
			"school": "T",
			"time": [
				{
					"number": 1,
					"unit": "action"
				}
			],
			"range": {
				"type": "point",
				"distance": {
					"type": "self"
				}
			},
			"components": {
				"s": true
			},
			"duration": [
				{
					"type": "instant"
				}
			],
			"entries": [
				"Your teeth or fingernails lengthen and sharpen. You choose which. Make a melee spell attack against one creature within 5 feet of you. On a hit, the target takes {@damage 1d10} piercing or slashing damage (your choice). After you make the attack, your teeth or fingernails return to normal.",
				"The spell's damage increases by {@dice 1d10} when you reach 5th level ({@damage 2d10}), 11th level ({@damage 3d10}), and 17th level ({@damage 4d10})."
			],
			"scalingLevelDice": {
				"label": "piercing damage",
				"scaling": {
					"1": "1d10",
					"5": "2d10",
					"11": "3d10",
					"17": "4d10"
				}
			},
			"damageInflict": [
				"piercing",
				"slashing"
			],
			"spellAttack": [
				"M"
			],
			"miscTags": [
				"SCL"
			],
			"areaTags": [
				"ST"
			]
		},
		{
			"name": "Puppet (UA)",
			"source": "UAStarterSpells",
			"page": 3,
			"level": 1,
			"school": "E",
			"time": [
				{
					"number": 1,
					"unit": "action"
				}
			],
			"range": {
				"type": "point",
				"distance": {
					"type": "feet",
					"amount": 120
				}
			},
			"components": {
				"s": true
			},
			"duration": [
				{
					"type": "instant"
				}
			],
			"entries": [
				"Your gesture forces one humanoid you can see within range to make a Constitution saving throw. On a failed save, the target must move up to its speed in a direction you choose. In addition, you can cause the target to drop whatever it is holding. This spell has no effect on a humanoid that is immune to being {@condition charmed}."
			],
			"savingThrow": [
				"constitution"
			],
			"affectsCreatureType": [
				"aberration",
				"beast",
				"celestial",
				"construct",
				"dragon",
				"elemental",
				"fey",
				"fiend",
				"giant",
				"monstrosity",
				"ooze",
				"plant",
				"undead"
			],
			"miscTags": [
				"SGT"
			],
			"areaTags": [
				"ST"
			]
		},
		{
			"name": "Sense Emotion (UA)",
			"source": "UAStarterSpells",
			"page": 4,
			"level": 1,
			"school": "D",
			"time": [
				{
					"number": 1,
					"unit": "action"
				}
			],
			"range": {
				"type": "point",
				"distance": {
					"type": "self"
				}
			},
			"components": {
				"v": true,
				"s": true
			},
			"duration": [
				{
					"type": "timed",
					"duration": {
						"type": "minute",
						"amount": 10
					},
					"concentration": true
				}
			],
			"entries": [
				"You attune your senses to pick up the emotions of others for the duration. When you cast the spell, and as your action on each turn until the spell ends, you can focus your senses on one humanoid you can see within 30 feet of you. You instantly learn the target's prevailing emotion, whether it's love, anger, pain, fear, calm, or something else. If the target isn't actually humanoid or it is immune to being {@condition charmed}, you sense that it is calm."
			],
			"miscTags": [
				"SGT"
			],
			"areaTags": [
				"ST"
			]
		},
		{
			"name": "Snare (UA)",
			"source": "UAStarterSpells",
			"page": 4,
			"level": 1,
			"school": "A",
			"time": [
				{
					"number": 1,
					"unit": "minute"
				}
			],
			"range": {
				"type": "point",
				"distance": {
					"type": "touch"
				}
			},
			"components": {
				"v": true,
				"s": true,
				"m": {
					"text": "30 feet of cord or rope, which is consumed by the spell",
					"consume": true
				}
			},
			"duration": [
				{
					"type": "permanent",
					"ends": [
						"dispel",
						"trigger"
					]
				}
			],
			"entries": [
				"While you cast this spell, you use the cord or rope to create a circle with a 5-foot radius on a flat surface within your reach. When you finish casting, the cord or rope disappears to become a magical trap.",
				"The trap is nearly invisible and requires a successful Intelligence ({@skill Investigation}) check against your spell save DC to be found. The trap triggers when a Small creature or larger moves into the area protected by the spell.",
				"The triggering creature must succeed on a Dexterity saving throw or fall {@condition prone} and be hoisted into the air until it hangs upside down 3 feet above the protected surface, where it is {@condition restrained}.",
				"The {@condition restrained} creature can make a Dexterity saving throw with disadvantage at the end of each of its turns and ends the {@condition restrained} effect on a success. Alternatively, another creature that can reach the {@condition restrained} creature can use an action to make an Intelligence ({@skill Arcana}) check against your spell save DC. On a success, the {@condition restrained} effect also ends."
			],
			"conditionInflict": [
				"prone",
				"restrained"
			],
			"savingThrow": [
				"dexterity"
			],
			"abilityCheck": [
				"intelligence"
			],
			"areaTags": [
				"ST"
			]
		},
		{
			"name": "Sudden Awakening (UA)",
			"source": "UAStarterSpells",
			"page": 4,
			"level": 1,
			"school": "E",
			"time": [
				{
					"number": 1,
					"unit": "bonus"
				}
			],
			"range": {
				"type": "point",
				"distance": {
					"type": "feet",
					"amount": 10
				}
			},
			"components": {
				"v": true
			},
			"duration": [
				{
					"type": "instant"
				}
			],
			"entries": [
				"Each sleeping creature you choose within range awakens, and then each {@condition prone} creature within range can stand up without expending any movement."
			],
			"areaTags": [
				"MT"
			]
		},
		{
			"name": "Toll the Dead (UA)",
			"source": "UAStarterSpells",
			"page": 4,
			"level": 0,
			"school": "N",
			"time": [
				{
					"number": 1,
					"unit": "action"
				}
			],
			"range": {
				"type": "point",
				"distance": {
					"type": "feet",
					"amount": 60
				}
			},
			"components": {
				"v": true,
				"s": true
			},
			"duration": [
				{
					"type": "instant"
				}
			],
			"entries": [
				"You point at one creature you can see within range, and the sound of a dolorous bell fills the air around it for a moment. The target must succeed on a Wisdom saving throw or take {@damage 1d8} necrotic damage. If the target is missing any of its hit points, it instead takes {@damage 1d12} necrotic damage.",
				"The spell's damage increases by one die when you reach 5th level ({@damage 2d8} or {@damage 2d12}), 11th level ({@damage 3d8} or {@damage 3d12}), and 17th level ({@damage 4d8} or {@damage 4d12})."
			],
			"scalingLevelDice": [
				{
					"label": "necrotic damage",
					"scaling": {
						"1": "1d8",
						"5": "2d8",
						"11": "3d8",
						"17": "4d8"
					}
				},
				{
					"label": "necrotic damage to wounded creature",
					"scaling": {
						"1": "1d12",
						"5": "2d12",
						"11": "3d12",
						"17": "4d12"
					}
				}
			],
			"damageInflict": [
				"necrotic"
			],
			"savingThrow": [
				"wisdom"
			],
			"miscTags": [
				"SCL",
				"SGT"
			],
			"areaTags": [
				"ST"
			]
		},
		{
			"name": "Unearthly Chorus (UA)",
			"source": "UAStarterSpells",
			"page": 4,
			"level": 1,
			"school": "I",
			"time": [
				{
					"number": 1,
					"unit": "action"
				}
			],
			"range": {
				"type": "radius",
				"distance": {
					"type": "feet",
					"amount": 30
				}
			},
			"components": {
				"v": true
			},
			"duration": [
				{
					"type": "timed",
					"duration": {
						"type": "minute",
						"amount": 10
					},
					"concentration": true
				}
			],
			"entries": [
				"Music of a style you choose fills the air around you in a 30-foot radius. The music spreads around corners and can be heard from up to 100 feet away. The music moves with you, centered on you for the duration.",
				"Until the spell ends, you make Charisma ({@skill Performance}) checks with advantage. In addition, you can use a bonus action on each of your turns to beguile one creature you choose within 30 feet of you that can see you and hear the music. The creature must make a Charisma saving throw. If you or your companions are attacking it, the creature automatically succeeds on the saving throw. On a failure, the creature becomes friendly to you for as long as it can hear the music and for 1 hour thereafter. You make Charisma ({@skill Deception}) checks and Charisma ({@skill Persuasion}) checks against creatures made friendly by this spell with advantage."
			],
			"savingThrow": [
				"charisma"
			],
			"miscTags": [
				"UBA"
			],
			"areaTags": [
				"S"
			]
		},
		{
			"name": "Virtue (UA)",
			"source": "UAStarterSpells",
			"page": 5,
			"level": 0,
			"school": "A",
			"time": [
				{
					"number": 1,
					"unit": "action"
				}
			],
			"range": {
				"type": "point",
				"distance": {
					"type": "touch"
				}
			},
			"components": {
				"v": true,
				"s": true
			},
			"duration": [
				{
					"type": "timed",
					"duration": {
						"type": "round",
						"amount": 1
					}
				}
			],
			"entries": [
				"You touch one creature, imbuing it with vitality. If the target has at least 1 hit point, it gains a number of temporary hit points equal to {@dice 1d4} + your spellcasting ability modifier. The temporary hit points are lost when the spell ends."
			],
			"miscTags": [
				"THP"
			],
			"areaTags": [
				"ST"
			]
		},
		{
			"name": "Wild Cunning (UA)",
			"source": "UAStarterSpells",
			"page": 5,
			"level": 1,
			"school": "T",
			"time": [
				{
					"number": 1,
					"unit": "action"
				}
			],
			"range": {
				"type": "point",
				"distance": {
					"type": "feet",
					"amount": 120
				}
			},
			"components": {
				"v": true,
				"s": true
			},
			"duration": [
				{
					"type": "instant"
				}
			],
			"meta": {
				"ritual": true
			},
			"entries": [
				"You call out to the spirits of nature to aid you. When you cast this spell, choose one of the following effects:",
				{
					"type": "list",
					"items": [
						"If there are any tracks on the ground within range, you know where they are, and you make Wisdom ({@skill Survival}) checks to follow these tracks with advantage for 1 hour or until you cast this spell again.",
						"If there is edible forage within range, you know it and where to find it.",
						"If there is clean drinking water within range, you know it and where to find it.",
						"If there is suitable shelter for you and your companions with range, you know it and where to find.",
						"Send the spirits to bring back wood for a fire and to set up a campsite in the area using your supplies. The spirits build the fire in a circle of stones, put up tents, unroll bedrolls, and put out any rations and water for consumption.",
						"Have the spirits instantly break down a campsite, which includes putting out a fire, taking down tents, packing up bags, and burying any rubbish."
					]
				}
			]
		},
		{
			"name": "Zephyr Strike (UA)",
			"source": "UAStarterSpells",
			"page": 5,
			"level": 1,
			"school": "T",
			"time": [
				{
					"number": 1,
					"unit": "bonus"
				}
			],
			"range": {
				"type": "point",
				"distance": {
					"type": "self"
				}
			},
			"components": {
				"v": true
			},
			"duration": [
				{
					"type": "timed",
					"duration": {
						"type": "minute",
						"amount": 1
					},
					"concentration": true
				}
			],
			"entries": [
				"You move like the wind. For the duration, your movement doesn't provoke opportunity attacks.",
				"In addition, the first time you make a weapon attack on your turn before the spell ends, you make the attack roll with advantage, and your speed increases by 30 feet until the end of that turn."
			]
		}
	]
}
