{
	"spell": [
		{
			"name": "Draconic Transformation",
			"source": "UA2021DraconicOptions",
			"page": 5,
			"level": 7,
			"school": "T",
			"time": [
				{
					"number": 1,
					"unit": "bonus"
				}
			],
			"range": {
				"type": "point",
				"distance": {
					"type": "self"
				}
			},
			"components": {
				"v": true,
				"s": true,
				"m": {
					"text": "a statuette of a dragon, worth at least 500 gp",
					"cost": 50000
				}
			},
			"duration": [
				{
					"type": "timed",
					"duration": {
						"type": "minute",
						"amount": 1
					},
					"concentration": true
				}
			],
			"entries": [
				"With a roar, you draw on the magic of dragons to transform yourself, taking on various draconic features. You gain the following benefits until the spell ends:",
				{
					"type": "list",
					"items": [
						"You have {@sense blindsight} with a range of 30 feet. Within that range, you can effectively see anything that isn't behind total cover, even if you're {@condition blinded} or in darkness. Moreover, you can see an {@condition invisible} creature, unless the creature successfully hides from you.",
						"Incorporeal wings sprout from your back, giving you a flying speed of 40 feet.",
						"When you cast this spell, and as a bonus action on subsequent turns for the duration, you can exhale a breath of shimmering energy in a 30- foot cone. Each creature in the area must make a Dexterity saving throw, taking {@damage 3d8} force damage on a failed save or half as much damage on a successful one."
					]
				}
			],
			"damageInflict": [
				"force"
			],
			"conditionInflict": [
				"blinded",
				"invisible"
			],
			"savingThrow": [
				"dexterity"
			],
			"miscTags": [
				"SGT",
				"UBA"
			]
		},
		{
			"name": "Fizban's Platinum Shield",
			"source": "UA2021DraconicOptions",
			"page": 5,
			"level": 6,
			"school": "A",
			"time": [
				{
					"number": 1,
					"unit": "action"
				}
			],
			"range": {
				"type": "point",
				"distance": {
					"type": "feet",
					"amount": 60
				}
			},
			"components": {
				"v": true,
				"s": true,
				"m": {
					"text": "a platinum-plated dragon scale, worth at least 500 gp",
					"cost": 50000
				}
			},
			"duration": [
				{
					"type": "timed",
					"duration": {
						"type": "minute",
						"amount": 1
					},
					"concentration": true
				}
			],
			"entries": [
				"You create a field of silvery light that surrounds a creature of your choice within range (you can choose yourself). The field sheds dim light out to 5 feet.",
				"As a bonus action on subsequent turns, you can move the field to another creature within 60 feet of the field.",
				"The creature protected by the field gains the following benefits:",
				{
					"type": "list",
					"items": [
						"The creature has half cover.",
						"The creature has resistance to acid, cold, fire, lightning, and poison damage.",
						"If the creature is subjected to an effect that allows it to make a Dexterity saving throw to take only half damage, the creature instead takes no damage if it succeeds on the saving throw, and only half damage if it fails."
					]
				}
			],
			"damageResist": [
				"acid",
				"cold",
				"fire",
				"lightning",
				"poison"
			],
			"savingThrow": [
				"dexterity"
			],
			"miscTags": [
				"UBA"
			]
		},
		{
			"name": "Flame Stride",
			"source": "UA2021DraconicOptions",
			"page": 6,
			"level": 3,
			"school": "T",
			"time": [
				{
					"number": 1,
					"unit": "bonus"
				}
			],
			"range": {
				"type": "point",
				"distance": {
					"type": "self"
				}
			},
			"components": {
				"v": true,
				"s": true
			},
			"duration": [
				{
					"type": "timed",
					"duration": {
						"type": "minute",
						"amount": 1
					},
					"concentration": true
				}
			],
			"entries": [
				"The billowing flames of a dragon cover your feet, granting you explosive speed. For the duration, your speed increases by 20 feet and moving doesn't provoke opportunity attacks.",
				"When you move within 5 feet of a creature or object that isn't being worn or carried, it takes {@damage 1d6} fire damage from your trail of heat. A creature or object can take this damage only once during a turn."
			],
			"entriesHigherLevel": [
				{
					"type": "entries",
					"name": "At Higher Levels",
					"entries": [
						"When you cast this spell using a spell slot of 4th level or higher, increase your speed by 5 feet for each spell slot level above 3rd. Additionally, the spell deals an additional {@damage 1d6} fire damage for each slot level above 3rd."
					]
				}
			],
			"damageInflict": [
				"fire"
			],
			"miscTags": [
				"OBJ"
			]
		},
		{
			"name": "Icingdeath's Frost",
			"source": "UA2021DraconicOptions",
			"page": 6,
			"level": 2,
			"school": "V",
			"time": [
				{
					"number": 1,
					"unit": "action"
				}
			],
			"range": {
				"type": "cone",
				"distance": {
					"type": "feet",
					"amount": 15
				}
			},
			"components": {
				"s": true,
				"m": "a vial of meltwater"
			},
			"duration": [
				{
					"type": "instant"
				}
			],
			"entries": [
				"A burst of icy cold energy emanates from you in a 30-foot cone. Each creature in that area must make a Constitution saving throw. On a failed save, a creature takes {@damage 3d8} cold damage and is covered in ice for 1 minute or until a creature uses its action to break the ice off itself or another creature. A creature covered in ice has its speed reduced to 0. On a successful save, a creature takes half as much damage with no additional effects."
			],
			"entriesHigherLevel": [
				{
					"type": "entries",
					"name": "At Higher Levels",
					"entries": [
						"When you cast this spell using a spell slot of 3rd level or higher, increase the cold damage by {@dice 1d8} for each slot level above 2nd."
					]
				}
			],
			"damageInflict": [
				"cold"
			],
			"savingThrow": [
				"constitution"
			]
		},
		{
			"name": "Nathair's Mischief",
			"source": "UA2021DraconicOptions",
			"page": 6,
			"level": 2,
			"school": "I",
			"time": [
				{
					"number": 1,
					"unit": "action"
				}
			],
			"range": {
				"type": "point",
				"distance": {
					"type": "feet",
					"amount": 60
				}
			},
			"components": {
				"s": true,
				"m": "a piece of crust from an apple pie"
			},
			"duration": [
				{
					"type": "timed",
					"duration": {
						"type": "minute",
						"amount": 1
					},
					"concentration": true
				}
			],
			"entries": [
				"You fill a 20-foot cube centered on a point you choose within range with fey and draconic magic. Roll on the Mischievous Surge table to determine the magical effect produced. At the start of each of your turns, you can move the cube up to 10 feet and reroll on the table.",
				{
					"type": "table",
					"caption": "Mischievous Surge",
					"colLabels": [
						"d4",
						"Effect"
					],
					"colStyles": [
						"col-2 text-center",
						"col-12"
					],
					"rows": [
						[
							"1",
							"The smell of apple pie fills the air, and each creature in the cube must succeed on a Wisdom saving throw or become {@condition charmed} by you until the start of your next turn. "
						],
						[
							"2",
							"Bouquets of flowers appear all around, and each creature in the cube must succeed on a Dexterity saving throw or be {@condition blinded} until the start of your next turn as the flowers spray water in their faces."
						],
						[
							"3",
							"Each creature in the cube must succeed on a Wisdom saving throw or begin giggling until the start of your next turn. A giggling creature is {@condition incapacitated} and uses all its movement to move in a random direction."
						],
						[
							"4",
							"Drops of molasses appear and hover in the cube, turning it into {@quickref difficult terrain||3} until the start of your next turn."
						]
					]
				}
			],
			"conditionInflict": [
				"blinded",
				"charmed",
				"incapacitated"
			],
			"savingThrow": [
				"dexterity",
				"wisdom"
			],
			"miscTags": [
				"RO"
			]
		},
		{
			"name": "Raulothim's Psychic Lance",
			"source": "UA2021DraconicOptions",
			"page": 6,
			"level": 4,
			"school": "E",
			"time": [
				{
					"number": 1,
					"unit": "action"
				}
			],
			"range": {
				"type": "point",
				"distance": {
					"type": "feet",
					"amount": 120
				}
			},
			"components": {
				"v": true
			},
			"duration": [
				{
					"type": "instant"
				}
			],
			"entries": [
				"You unleash a shimmering lance of psychic power from your forehead at a creature that you can see within range. Alternatively, you can utter the creature's name. If the named target is within range, it gains no benefit from cover or invisibility as the lance homes in on it. If the named target isn't within range, the lance dissipates, and the spell slot is not expended.",
				"The target must succeed on an Intelligence saving throw or take {@damage 10d6} psychic damage and be {@condition incapacitated} until the start of your next turn."
			],
			"entriesHigherLevel": [
				{
					"type": "entries",
					"name": "At Higher Levels",
					"entries": [
						"When you cast this spell using a spell slot of 5th level or higher, the damage increases by {@dice 1d6} for each slot level above 4th."
					]
				}
			],
			"damageInflict": [
				"psychic"
			],
			"conditionInflict": [
				"incapacitated"
			],
			"savingThrow": [
				"intelligence"
			],
			"miscTags": [
				"SGT"
			]
		},
		{
			"name": "Summon Draconic Spirit",
			"source": "UA2021DraconicOptions",
			"page": 7,
			"level": 5,
			"school": "C",
			"time": [
				{
					"number": 1,
					"unit": "action"
				}
			],
			"range": {
				"type": "point",
				"distance": {
					"type": "feet",
					"amount": 60
				}
			},
			"components": {
				"v": true,
				"s": true,
				"m": {
					"text": "an art object from a dragon's hoard, worth at least 500 gp",
					"cost": 50000
				}
			},
			"duration": [
				{
					"type": "timed",
					"duration": {
						"type": "hour",
						"amount": 1
					},
					"concentration": true
				}
			],
			"entries": [
				"You call forth a draconic spirit. It manifests in an unoccupied space that you can see within range.",
				"This corporeal form uses the {@creature Draconic Spirit|UA2021DraconicOptions} stat block. When you cast this spell, choose a family of dragon: Chromatic, Gem, or Metallic. The creature resembles a dragon of the chosen family, which determines certain traits in its stat block. The creature disappears when it drops to 0 hit points or when the spell ends.",
				"The creature is an ally to you and your companions. In combat, the creature shares your initiative count, but it takes its turn immediately after yours. It obeys your verbal commands (no action required by you). If you don't issue any, it takes the {@action Dodge} action and uses its move to avoid danger."
			],
			"entriesHigherLevel": [
				{
					"type": "entries",
					"name": "At Higher Levels",
					"entries": [
						"When you cast this spell using a spell slot of 6th level or higher, use the higher level wherever the spell's level appears in the stat block."
					]
				}
			],
			"miscTags": [
				"SGT",
				"SMN"
			]
		}
	]
}
