{
	"monsterfeatures": [
		{
			"name": "Aggressive",
			"example": "Orc",
			"effect": "As a bonus action, the creature can move up to its speed toward a hostile creature it can see.",
			"dpr": "2"
		},
		{
			"name": "Ambusher",
			"example": "Doppelganger",
			"effect": "The creature has advantage on attack rolls against any creature it has {@quickref Surprise|PHB|3|0|surprised}.",
			"attackBonus": "1"
		},
		{
			"name": "Angelic Weapons",
			"example": "Deva",
			"effect": "The creature's weapon attacks are magical. When the creature hits with any weapon, the weapon deals extra radiant damage. Input this extra damage per round.",
			"dpr": "trait",
			"hasNumberParam": true
		},
		{
			"name": "Avoidance",
			"example": "Demilich",
			"effect": "If the creature is subjected to an effect that allows it to make a saving throw to only take half damage, it instead takes no damage if it succeeds on the saving throw, and only half damage if it fails.",
			"ac": "1"
		},
		{
			"name": "Blood Frenzy",
			"example": "Sahuagin",
			"effect": "The creature has advantage on melee attack rolls against any creature that doesn't have all its hit points.",
			"attackBonus": "4"
		},
		{
			"name": "Constrict",
			"example": "Giant Constrictor Snake",
			"effect": "The creature has the ability to restrain and/or grapple a target as part of an attack.",
			"ac": "1"
		},
		{
			"name": "Damage Transfer",
			"example": "Cloaker",
			"effect": "While attached or grappling a creature, the creature takes only half damage dealt to it (rounded down), and the other creature takes the other half.",
			"hp": "hp",
			"dpr": "hp * 0.33"
		},
		{
			"name": "Enlarge",
			"example": "Duergar",
			"effect": "The creature magically increases in size, along with anything it is wearing or carrying. Input the extra damage inflicted per round whilst enlarged.",
			"dpr": "trait",
			"hasNumberParam": true
		},
		{
			"name": "Frightful Presence",
			"example": "Ancient Gold Dragon",
			"effect": "Each creature of the creature's choice within range must make a Wisdom saving throw or be frightened for 1 minute.",
			"hp": "Math.floor((expectedCr <= 10) ? hp * 0.25 : 0)"
		},
		{
			"name": "Heated Body",
			"example": "Azer",
			"effect": "Touching or hitting the creature while within 5 ft. of it causes damage.",
			"dpr": "trait",
			"hasNumberParam": true
		},
		{
			"name": "Horrifying Visage",
			"example": "Banshee",
			"effect": "Each non-undead creature of the creature's choice within range must make a Wisdom saving throw or be frightened for 1 minute.",
			"hp": "Math.floor((expectedCr <= 10) ? hp * 0.25 : 0)"
		},
		{
			"name": "Legendary Resistance",
			"example": "Tarrasque",
			"effect": "If the creature fails a saving throw, it can choose to succeed instead. Input the number of uses per day.",
			"hp": "((expectedCr >= 0 && expectedCr <= 4) ? 10*trait : ((expectedCr >= 5 && expectedCr <= 10) ? 20*trait : ((expectedCr >= 11) ? 30*trait : 0)))",
			"hasNumberParam": true
		},
		{
			"name": "Magic Resistance",
			"example": "Balor",
			"effect": "The creature has advantage on saving throws against spells and other magical effects.",
			"ac": "2"
		},
		{
			"name": "Martial Advantage",
			"example": "Hobgoblin",
			"effect": "The creature can deal extra damage to a creature it hits if that creature is with in 5 ft. of an ally of the creature that isn't incapacitated. Input the extra damage inflicted per round.",
			"dpr": "trait",
			"hasNumberParam": true
		},
		{
			"name": "Nimble Escape",
			"example": "Goblin",
			"effect": "The creature can take the Disengage or Hide action as a bonus action on each of its turns.",
			"ac": "4",
			"attackBonus": "4"
		},
		{
			"name": "Pack Tactics",
			"example": "Kobold",
			"effect": "The creature has advantage on an attack roll against a creature if at least one of the creature's allies is within 5 feet of the creature and the ally isn't incapacitated.",
			"attackBonus": "1"
		},
		{
			"name": "Parry",
			"example": "Hobgoblin warlord",
			"effect": "The creature adds its proficiency bonus to its AC against one melee attack that would hit it as a reaction.",
			"ac": "1"
		},
		{
			"name": "Possession",
			"example": "Ghost",
			"effect": "The creature can control another creature, during which time it cannot be targeted by nearly any effect.",
			"hp": "hp"
		},
		{
			"name": "Regeneration",
			"example": "Troll",
			"effect": "At the beginning of the creature's turn, it regains hit points and cannot be killed until this effect is mitigated in some way, usually through acid or fire damage. Input how many hit points it regains at the beginning of its turn.",
			"hp": "trait*3",
			"hasNumberParam": true
		},
		{
			"name": "Relentless",
			"example": "Boar",
			"effect": "If the creature would be reduced to 0 hit points, there is a chance that it can instead only be reduced to 1.",
			"hp": "((expectedCr >= 0 && expectedCr <= 4) ? 7 : ((expectedCr >= 5 && expectedCr <= 10) ? 14 : ((expectedCr >= 11 && expectedCr <= 16) ? 21 : ((expectedCr >= 17) ? 28 : 0))))"
		},
		{
			"name": "Shadow Stealth",
			"example": "Shadow Demon",
			"effect": "While in dim light or darkness, the creature can take the Hide action as a bonus action.",
			"ac": "4"
		},
		{
			"name": "Stench",
			"example": "Troglodyte",
			"effect": "Any creature other than the monster within 5 feet of it must make a saving throw or be poisoned.",
			"ac": "1"
		},
		{
			"name": "Superior Invisibility",
			"example": "Pixie",
			"effect": "The creature can turn invisible as an action or bonus action.",
			"ac": "2"
		},
		{
			"name": "Undead Fortitude",
			"example": "Zombie",
			"effect": "If the creature would be reduced to 0 hit points, there is a chance that it can instead only be reduced to 1. This feature is negated if the damage is from radiant nature.",
			"hp": "((expectedCr >= 0 && expectedCr <= 4) ? 7 : ((expectedCr >= 5 && expectedCr <= 10) ? 14 : ((expectedCr >= 11 && expectedCr <= 16) ? 21 : ((expectedCr >= 17) ? 28 : 0))))"
		},
		{
			"name": "Web",
			"example": "Giant Spider",
			"effect": "Ranged Weapon Attack that restrains the target on a hit.",
			"ac": "1"
		}
	]
}
